Ad_link,location,house_type,sqft,bedrooms,bathrooms,furnishing,constr_info,floor_no,facing,price
https://www.olx.in/item/book-3bhk-in-hero-homes-mohali-1481sqft-iid-1683233812,"Sector 88, Mohali, Punjab",['Apartments'],['1481'],['3'],['3'],['Semi-Furnished'],['New Launch'],['4'],['North-East'],"₹ 85,30,000"
https://www.olx.in/item/3055-3bhk-brand-new-house-for-sale-in-jp-nagar-muda-property-iid-1669490749,"JP Nagar, Mysuru, Karnataka",['Houses & Villas'],['1650'],['3'],['3'],['Furnished'],['Ready to Move'],,['South-East'],"₹ 1,05,00,000"
https://www.olx.in/item/4bhk-ready-possession-near-galaxy-circle-pal-iid-1658148117,"Pal Village, Surat, Gujarat",['Apartments'],['3051'],['4'],['4'],['Semi-Furnished'],['Ready to Move'],['2'],['East'],"₹ 1,70,00,000"
https://www.olx.in/item/12-cents-with-old-house-thevara-iid-1685754128,"Thevara, Kochi, Kerala",['Houses & Villas'],['3000'],['4'],,,,,,"₹ 1,50,00,000"
https://www.olx.in/item/1bhk-flat-in-laxmi-nagar-jhotwara-jaipur-iid-1670684751,"Mayur Vihar, Jaipur, Rajasthan",['Apartments'],['450'],['1'],['1'],['Semi-Furnished'],['Ready to Move'],['1'],['East'],"₹ 10,50,000"
https://www.olx.in/item/3bhk-jda-approved-flat-in-laxmi-nagar-jhotwara-near-murlipura-jaipur-iid-1668569269,"Mayur Vihar, Jaipur, Rajasthan",['Apartments'],['1200'],['3'],['2'],['Semi-Furnished'],['Ready to Move'],['1'],['East'],"₹ 29,00,000"
https://www.olx.in/item/3bhk-jda-approved-flat-in-ganesh-nagar-22-gokulpura-iid-1651768559,"Hanumant Nagar, Jaipur, Rajasthan",['Apartments'],['1200'],['3'],['2'],['Semi-Furnished'],['Ready to Move'],['1'],['East'],"₹ 29,00,000"
https://www.olx.in/item/independent-house-kakkanad-thevakkal-kuzhivelippady-edappalli-infopark-iid-1586669712,"Kakkanad, Kochi, Kerala",['Houses & Villas'],['1500'],['3'],['3'],['Semi-Furnished'],['Ready to Move'],['2'],['East'],"₹ 60,00,000"
https://www.olx.in/item/kakkanad-kuzhivelippady-infopark-3bhk-thevakkal-kakanad-edappalli-iid-1542237829,"Kakkanad, Kochi, Kerala",['Houses & Villas'],['1600'],['3'],['3'],['Furnished'],['Ready to Move'],['2'],['West'],"₹ 55,00,000"
https://www.olx.in/item/low-cost-apartments-at-avinashi-road-book-now-iid-1681361097,"Peelamedu, Coimbatore, Tamil Nadu",['Apartments'],['920'],['2'],['2'],['Unfurnished'],['Under Construction'],['1'],['North-East'],"₹ 45,00,000"
https://www.olx.in/item/villas-at-calicut-pantheerankavu-iid-1677053884,"Pantheerankavu, Olavanna, Kerala",['Houses & Villas'],['1400'],['3'],['3'],['Semi-Furnished'],['Under Construction'],['1'],['East'],"₹ 65,00,000"
https://www.olx.in/item/3bhk-flat-28-lac-me-jhotwara-kalwar-road-iid-1674286165,"Kalwar Road, Jaipur, Rajasthan",['Apartments'],['1050'],['3'],['2'],['Furnished'],['Ready to Move'],['1'],['East'],"₹ 27,92,356"
https://www.olx.in/item/3bhk-flat-laxminagar-niwaru-road-jaipur-iid-1672815964,"Niwaru Road, Jaipur, Rajasthan",['Apartments'],['1050'],['3'],['2'],['Furnished'],['Ready to Move'],['1'],['East'],"₹ 27,99,632"
https://www.olx.in/item/3bhk-flat-28-lacme-nagalphuli-niwaru-road-iid-1672219795,"Laxmi Nagar, Jaipur, Rajasthan",['Apartments'],['1150'],['3'],,['Furnished'],['Ready to Move'],['1'],['East'],"₹ 27,96,666"
https://www.olx.in/item/hndta-approved-villa-iid-1674805569,"Nagondapalli, Mathigiri, Tamil Nadu",['Houses & Villas'],['900'],['2'],['2'],['Unfurnished'],['New Launch'],['0'],['East'],"₹ 33,00,000"
https://www.olx.in/item/newly-built-3-bedroom-house-for-sale-at-41-lakhs-iid-1655850921,"Edapally, Kochi, Kerala",['Houses & Villas'],['1300'],['3'],['3'],['Semi-Furnished'],['Ready to Move'],,,"₹ 41,00,000"
https://www.olx.in/item/3bhk-luxurious-flat-waghodia-dabhoi-road-rs3051lacs-iid-1680257816,"Waghodia Road, Vadodara, Gujarat",['Apartments'],['00'],['3'],['3'],['Unfurnished'],['Under Construction'],['7'],['East'],"₹ 30,51,000"
https://www.olx.in/item/1650sqft-chanthavila-iid-1643497551,"Kazhakoottam, Thiruvananthapuram, Kerala",['Houses & Villas'],['1650'],['3'],['3'],['Semi-Furnished'],['Ready to Move'],,,"₹ 65,00,000"
https://www.olx.in/item/premium-gated-community-23bhk-flats-with-world-class-amenities-iid-1682365798,"Patancheru, Hyderabad, Telangana",['Apartments'],['1285'],['2'],['2'],['Semi-Furnished'],['Under Construction'],['8'],['North-East'],"₹ 36,87,454"
https://www.olx.in/item/3bhk-spacious-flats-iid-1683995008,"Bill Road, Vadodara, Gujarat",['Builder Floors'],['2100'],['3'],['3'],['Unfurnished'],['Under Construction'],['1'],['East'],"₹ 41,99,000"
https://www.olx.in/item/house-for-sale-in-meerut-bypass-iid-1679467519,"Ved Vyas Puri, Meerut, Uttar Pradesh",['Houses & Villas'],['1250'],['3'],['3'],['Semi-Furnished'],['Ready to Move'],['1'],['East'],"₹ 32,50,000"
https://www.olx.in/item/ambalapara-new-duplex-villa-near-to-railway-station-iid-1684550813,"Ottapalam, Ottappalam, Kerala",['Houses & Villas'],['1500'],['3'],['3'],['Unfurnished'],['Under Construction'],,['East'],"₹ 38,00,000"
https://www.olx.in/item/80-laksh-thrissur-prime-location-housevilla-for-sale-in-thrissur-iid-1684550245,"Punkunnam, Thrissur, Kerala",['Houses & Villas'],['2100'],['4'],['3'],['Unfurnished'],['Under Construction'],,['East'],"₹ 80,00,000"
https://www.olx.in/item/kerala-traditional-model-4-bhk-duplex-house-for-sale-in-thrissur-iid-1684550164,"Punkunnam, Thrissur, Kerala",['Houses & Villas'],['2100'],['3'],['3'],['Unfurnished'],['Under Construction'],,['East'],"₹ 80,00,000"
https://www.olx.in/item/big-2bhk-flat-at-goodwill-squr-kharadi-at-4929-lacs-only-938sqft-iid-1684048388,"Kharadi, Pune, Maharashtra",['Apartments'],['938'],['2'],['2'],['Furnished'],['Ready to Move'],['5'],['East'],"₹ 49,29,000"
https://www.olx.in/item/awesome-2bhk-flat-at-nyati-elysia-kharadi-at-5045-lac-only-985-sq-iid-1681648107,"Kharadi, Pune, Maharashtra",['Apartments'],['985'],['2'],['2'],['Semi-Furnished'],['Ready to Move'],['9'],['East'],"₹ 50,45,000"
https://www.olx.in/item/big-3bhk-flat-at-majestique-towers-kharadi-at-7240-lacs-only-1592-iid-1681645658,"Kalyani Nagar, Pune, Maharashtra",['Apartments'],['1592'],['3'],['3'],['Semi-Furnished'],['Ready to Move'],['5'],['East'],"₹ 72,40,000"
https://www.olx.in/item/super-1bhk-flat-at-riverdale-suits-kharadi-at-3560-lac-only-791sq-iid-1681628894,"Kharadi, Pune, Maharashtra",['Apartments'],['791'],['1'],['1'],['Semi-Furnished'],['Ready to Move'],['4'],['East'],"₹ 35,60,000"
https://www.olx.in/item/for-sale-2-bhk-new-flat-at-chandkheda-iid-1664836633,"Chandkheda, Ahmedabad, Gujarat",['Apartments'],['125'],['2'],['2'],['Unfurnished'],['Ready to Move'],['5'],['East'],"₹ 42,00,000"
https://www.olx.in/item/3bhk-near-82-sector-iid-1671078572,"Sector 66A, Mohali, Punjab",['Apartments'],['1750'],['3'],['3'],['Semi-Furnished'],['Under Construction'],['7'],['North-East'],"₹ 1,15,00,000"
https://www.olx.in/item/stunning-4bhk-house-sale-thirumala-valiyavila-iid-1678606529,"Thirumala, Thiruvananthapuram, Kerala",['Houses & Villas'],['1500'],['4'],['4'],['Semi-Furnished'],['Ready to Move'],,,"₹ 70,00,000"
https://www.olx.in/item/stunning-3bhk-house-sale-puliyarakonam-iid-1678603139,"Vattiyoorkavu, Thiruvananthapuram, Kerala",['Houses & Villas'],['1900'],['3'],['3'],['Semi-Furnished'],['Ready to Move'],,,"₹ 57,00,000"
https://www.olx.in/item/stunning-3bhk-house-sale-near-vattiyoorkavu-iid-1678602562,"Vattiyoorkavu, Thiruvananthapuram, Kerala",['Houses & Villas'],['1500'],['3'],['3'],['Semi-Furnished'],['Ready to Move'],,,"₹ 50,00,000"
https://www.olx.in/item/luxirious-jda-approved-4-bhk-flats-near-by-main-sikar-road-murlipura-iid-1657361108,"Murlipura, Jaipur, Rajasthan",['Apartments'],['1800'],['4'],['3'],['Furnished'],['Ready to Move'],['1'],['East'],"₹ 80,00,000"
https://www.olx.in/item/1200sqft-2bhk-appartment-at-thripunithura-iid-1685513304,"Thripunithura, Kochi, Kerala",['Apartments'],['1200'],['2'],['2'],['Semi-Furnished'],['Ready to Move'],['2'],['East'],"₹ 42,00,000"
https://www.olx.in/item/3bhk-flat-1750-squire-feet-just-80-lac-only-iid-1675030306,"Mianwali Colony, Gurgaon, Haryana",['Builder Floors'],['1750'],['3'],['3'],['Semi-Furnished'],['Ready to Move'],['2'],['East'],"₹ 82,00,000"
https://www.olx.in/item/house-for-sale-iid-1684470612,"Babiyal, Ambala, Haryana",['Apartments'],['117'],['3'],['2'],['Unfurnished'],['Ready to Move'],,['South-West'],"₹ 22,00,000"
https://www.olx.in/item/ready-to-move-house-near-nh-at-aluva-iid-1682263693,"Chalakkal East, Vazhakulam, Kerala",['Houses & Villas'],['1500'],['3'],['2'],['Semi-Furnished'],['Ready to Move'],,,"₹ 62,00,000"
https://www.olx.in/item/2-bhk-25l-iid-1684968596,"Shikargarh, Jodhpur, Rajasthan",['Apartments'],['715'],['2'],['2'],['Unfurnished'],['New Launch'],['1'],['East'],"₹ 25,00,000"
https://www.olx.in/item/2bhk-flat-36-lac-3bhk-just-55-lac-only-in-krishna-colony-gurgaon-iid-1675026252,"Krishna Colony, Gurgaon, Haryana",['Builder Floors'],['1350'],['3'],['3'],['Semi-Furnished'],['Ready to Move'],['1'],['East'],"₹ 55,00,000"
https://www.olx.in/item/2bhk-jda-approved-flat-in-laxmi-nagar-near-murlipura-jaipur-iid-1672178624,"Murlipura, Jaipur, Rajasthan",['Apartments'],['850'],['2'],['2'],['Semi-Furnished'],['Ready to Move'],['2'],['East'],"₹ 23,00,000"
https://www.olx.in/item/3bhk-jda-approved-flat-in-laxmi-nagar-jhotwara-jaipur-iid-1671172488,"Niwaru Road, Jaipur, Rajasthan",['Apartments'],['1200'],['3'],['2'],['Semi-Furnished'],['Ready to Move'],['1'],['East'],"₹ 29,00,000"
https://www.olx.in/item/2bhk-jda-approved-flat-in-laxmi-nagar-jhotwara-jaipur-iid-1652082885,"Mayur Vihar, Jaipur, Rajasthan",['Apartments'],['850'],['2'],['2'],['Semi-Furnished'],['Ready to Move'],['2'],['East'],"₹ 22,50,000"
https://www.olx.in/item/2bhk-jda-approved-flat-in-laxmi-nagar-jhotwara-iid-1651814474,"Murlipura, Jaipur, Rajasthan",['Apartments'],['900'],['2'],['2'],,['Ready to Move'],['2'],['East'],"₹ 22,00,000"
https://www.olx.in/item/3bhk-jda-approved-flat-in-laxmi-nagar-jhotwara-jaipur-iid-1651800240,"Mayur Vihar, Jaipur, Rajasthan",['Apartments'],['1200'],['3'],['2'],['Semi-Furnished'],['Ready to Move'],['2'],['East'],"₹ 28,00,000"
https://www.olx.in/item/3bhk-jda-approved-flat-in-laxmi-nagar-near-murlipura-jhotwara-iid-1651768203,"Murlipura, Jaipur, Rajasthan",['Apartments'],['1200'],['3'],['2'],['Semi-Furnished'],['Ready to Move'],['1'],['East'],"₹ 29,00,000"
https://www.olx.in/item/3bhk-jda-approved-flat-in-gokulpura-near-vaishali-jaipur-iid-1651643358,"Hanumant Nagar, Jaipur, Rajasthan",['Apartments'],['1200'],['3'],['2'],['Semi-Furnished'],['Ready to Move'],['1'],['East'],"₹ 27,50,000"
https://www.olx.in/item/kangarappady-infopark-kakkanad-3bhk-house-kakanad-edappalli-vallathol-iid-1538117939,"Kakkanad, Kochi, Kerala",['Houses & Villas'],['1600'],['3'],['3'],['Furnished'],['Ready to Move'],['2'],['East'],"₹ 69,00,000"
https://www.olx.in/item/beautiful-2bhk-flats-affordable-price-iid-1685047260,,,,,,,,,,
https://www.olx.in/item/chahat-grand-homes-iid-1683674408,"Ambala Chandigarh Expressway, Zirakpur, Punjab",['Builder Floors'],['1298'],['3'],['3'],['Semi-Furnished'],['Ready to Move'],['3'],['East'],"₹ 39,90,000"
https://www.olx.in/item/2bhk-north-east-facing-apartment-in-maninonda-iid-1683446168,"Manikonda, Hyderabad, Telangana",['Apartments'],['1080'],['2'],['1'],['Semi-Furnished'],['Ready to Move'],['1'],['North-East'],"₹ 50,00,000"
https://www.olx.in/item/double-story-3-bhk-nr-omaxe-metro-city-area-near-kalli-market-iid-1683847455,"Pgi, Lucknow, Uttar Pradesh",['Houses & Villas'],['1650'],['3'],['4'],['Furnished'],['Ready to Move'],['12'],['West'],"₹ 57,00,000"
https://www.olx.in/item/2-bhk-house-in-3-katha-land-sall-just-35-lakh-at-battala-bazar-iid-1684300206,"Mohishila, Asansol MC, West Bengal",['Houses & Villas'],['1100'],['2'],['2'],['Unfurnished'],['Ready to Move'],['1'],['East'],"₹ 35,00,000"
https://www.olx.in/item/apartments-near-to-tidel-park-budget-friendly-iid-1681427154,"Peelamedu, Coimbatore, Tamil Nadu",['Apartments'],['921'],['2'],['2'],['Unfurnished'],['Under Construction'],['3'],['North-East'],"₹ 45,00,000"
https://www.olx.in/item/house-at-ernakulam-puthiyakavu-iid-1677419289,"Puthiyakavu, Kochi, Kerala",['Houses & Villas'],['1550'],['4'],['4'],['Furnished'],['Ready to Move'],['1'],['East'],"₹ 60,00,000"
https://www.olx.in/item/chathamkulam-kadambari-apartments-iid-1669663380,"Peelamedu, Coimbatore, Tamil Nadu",['Apartments'],['784'],['2'],['2'],['Unfurnished'],['Under Construction'],['2'],['North-East'],"₹ 45,00,000"
https://www.olx.in/item/jda-2-bhk-flat-new-kirni-patak-kalwar-road-iid-1673357134,"Vaishali Nagar, Jaipur, Rajasthan",['Apartments'],['900'],['2'],['2'],['Semi-Furnished'],['Ready to Move'],['1'],['East'],"₹ 20,94,567"
https://www.olx.in/item/2bhk-flat-2-flat-kalwar-road-iid-1672224666,"Kalwar Road, Jaipur, Rajasthan",['Apartments'],['900'],['2'],,['Semi-Furnished'],,['1'],['East'],"₹ 20,99,658"
https://www.olx.in/item/3bhk-flat-30lac-kalwar-road-iid-1670773561,"Kalwar Road, Jaipur, Rajasthan",['Apartments'],['1200'],['3'],['2'],['Semi-Furnished'],['New Launch'],['1'],['East'],"₹ 29,99,963"
https://www.olx.in/item/very-close-to-college-road-2bhk-independent-house-for-sale-iid-1681245224,"Subbiah Colony, Tiruppur, Tamil Nadu",['Houses & Villas'],['1432'],['2'],['2'],['Unfurnished'],['Under Construction'],,['North'],"₹ 75,00,000"
https://www.olx.in/item/beautiful-villa-in-bagalur-hosur-iid-1675342273,"Hosur - Bagalur Road, Hosur, Tamil Nadu",['Houses & Villas'],['1400'],['2'],['2'],['Unfurnished'],['Under Construction'],['1'],['West'],"₹ 72,46,000"
https://www.olx.in/item/affordable-villa-plots-available-in-mathigiri-hosur-iid-1674812719,"Nagondapalli, Mathigiri, Tamil Nadu",['Houses & Villas'],['950'],['2'],['2'],['Unfurnished'],['New Launch'],['0'],['South'],"₹ 33,00,000"
https://www.olx.in/item/luxurious-independent-villa-at-padamugal-iid-1681813331,"Padamugal, Kochi, Kerala",['Houses & Villas'],['2900'],['4'],['4'],['Semi-Furnished'],['Ready to Move'],,['North'],"₹ 2,15,00,000"
https://www.olx.in/item/premium-ultra-luxury-flats-available-for-sale-in-siddhart-vihar-gzb-iid-1683985471,"Siddartha Vihar, Ghaziabad, Uttar Pradesh",['Apartments'],['2390'],['3'],['3'],['Semi-Furnished'],['New Launch'],['7'],['North-East'],"₹ 99,99,999"
https://www.olx.in/item/2bhk-flat-for-sale-in-shilphata-iid-1682962982,"Shilphata Road, Thane, Maharashtra",['Apartments'],['1150'],['2'],['2'],['Unfurnished'],['Under Construction'],['20'],['East'],"₹ 70,00,000"
https://www.olx.in/item/91-gaj-jda-approved-villa-at-kalwar-road-at-prime-location-fullduplex-iid-1682539405,"Kalwar Road, Jaipur, Rajasthan",['Houses & Villas'],['1738'],['4'],['3'],['Semi-Furnished'],['Ready to Move'],,['West'],"₹ 39,00,000"
https://www.olx.in/item/1350sqft-house-santhipuram-iid-1685512072,"Sreekaryam, Thiruvananthapuram, Kerala",['Houses & Villas'],['1350'],['3'],['3'],['Semi-Furnished'],['Ready to Move'],,,"₹ 45,00,000"
https://www.olx.in/item/4-bhk-flat-for-sale-royal-apartments-sector-sigma-4-greater-noida-iid-1685165582,"Sigma IV, Greater Noida, Uttar Pradesh",['Apartments'],['2398'],['4'],['4'],['Unfurnished'],['Ready to Move'],['0'],,"₹ 80,00,000"
https://www.olx.in/item/3bhk-flat-sale-dabhoi-waghodia-road-vadodara-rs-3051l-iid-1680257494,"Dabhoi Waghodia Ring Road, Vadodara, Gujarat",['Apartments'],['00'],['3'],['3'],['Unfurnished'],['Under Construction'],['7'],['East'],"₹ 30,51,000"
https://www.olx.in/item/luxurious-3-bhk-flat-for-sale-waghodia-road-vadodara-rs3051lacs-iid-1680251930,"Tarsali, Vadodara, Gujarat",['Apartments'],['00'],['3'],['3'],['Unfurnished'],['Under Construction'],['7'],['East'],"₹ 30,51,000"
https://www.olx.in/item/2bhk-spacious-flat-nr-nilamber-circle-vadodara-rs-35lacs-iid-1680250348,"Nilamber Circle, Vadodara, Gujarat",['Apartments'],['00'],['2'],['2'],['Unfurnished'],['Ready to Move'],['1'],['West'],"₹ 35,00,000"
https://www.olx.in/item/just-2km-from-waghodia-d-mart-3bhk-new-flat-for-sale-rs3051lacs-iid-1680249992,"Waghodia Road, Vadodara, Gujarat",['Apartments'],['00'],['3'],['3'],['Unfurnished'],['Under Construction'],['7'],['East'],"₹ 30,51,000"
https://www.olx.in/item/new-launch-house-njandoorkonam-iid-1644148096,"Sreekaryam, Thiruvananthapuram, Kerala",['Houses & Villas'],['1700'],['3'],['3'],['Semi-Furnished'],['Ready to Move'],['2'],['East'],"₹ 66,00,000"
https://www.olx.in/item/16-minutes-drive-from-thrissur-town-5-cent-house-for-sale-iid-1684550847,"Viyyur, Thrissur, Kerala",['Houses & Villas'],['1500'],['3'],['3'],['Unfurnished'],['Under Construction'],,['East'],"₹ 42,50,000"
https://www.olx.in/item/main-road-nearby-1050-sqft-2-bhk-east-facing-furnished-flat-resale-iid-1678743744,"Ajit Sing Nagar, Vijayawada, Andhra Pradesh",['Apartments'],['1050'],['3'],['3'],['Furnished'],['Ready to Move'],['3'],['East'],"₹ 41,00,000"
https://www.olx.in/item/new-house-for-sale-near-sec9-iid-1682727272,"Shilp Nagar, Udaipur, Rajasthan",['Houses & Villas'],['4500'],['4+'],['4+'],['Unfurnished'],['Ready to Move'],['3'],['South-East'],"₹ 1,30,00,000"
https://www.olx.in/item/3bhk-30lakh-m-availablecall-nowww-iid-1683301287,"Uttam Nagar, Delhi, Delhi",['Builder Floors'],['800'],['3'],['2'],['Semi-Furnished'],['Ready to Move'],['1'],['East'],"₹ 30,11,000"
https://www.olx.in/item/5-cent-premium-design-house-for-sale-sreekrishnapuram-ottapalam-iid-1684550149,"Ottapalam, Ottappalam, Kerala",['Houses & Villas'],['1500'],['3'],['3'],['Unfurnished'],['Under Construction'],,['East'],"₹ 42,50,000"
https://www.olx.in/item/3bhk-fully-ventilatedready-to-move-flats-near-mgoel-hospitalgurgaon-iid-1683541214,"Sadar Bazar, Gurgaon, Haryana",['Builder Floors'],['1200'],['3'],['3'],['Semi-Furnished'],['Ready to Move'],['1'],,"₹ 58,00,000"
https://www.olx.in/item/big-3bhk-flat-at-ravinanda-estate-magarpatta-at-7089lacs-only-iid-1683540823,"Magarpatta City, Pune, Maharashtra",['Apartments'],['1685'],['3'],['3'],['Furnished'],['Ready to Move'],['9'],['East'],"₹ 79,89,000"
https://www.olx.in/item/stylish-2bhk-flat-at-godrej-rivergreen-kharadi-at-5180-lacs-only-iid-1681630074,"Kharadi, Pune, Maharashtra",['Apartments'],['1064'],['2'],['2'],['Semi-Furnished'],['Ready to Move'],['5'],['East'],"₹ 51,80,000"
https://www.olx.in/item/awesome-2bhk-flat-at-ganga-aria-hadapsar-at-5260-lac-only-974-sqf-iid-1681528583,"Hadapsar, Pune, Maharashtra",['Apartments'],['974'],['2'],,['Semi-Furnished'],['Ready to Move'],['9'],['East'],"₹ 52,60,000"
https://www.olx.in/item/3bhk-in-mohali-iid-1678505935,"Sector 85, Mohali, Punjab",['Apartments'],['2200'],['3'],['3'],['Semi-Furnished'],['Ready to Move'],['7'],['North'],"₹ 1,06,00,000"
https://www.olx.in/item/3bhk-flat-on-sale-iid-1679476238,"Akanksha Nagar, Bharuch, Gujarat",['Apartments'],['1400'],['3'],['3'],['Semi-Furnished'],['Ready to Move'],['2'],['East'],"₹ 42,50,000"
https://www.olx.in/item/super-luxury-1-bhk-flat-sale-in-dwarka-mor-iid-1661623114,"Dwarka Mor, Delhi, Delhi",['Builder Floors'],['450'],['1'],['1'],['Semi-Furnished'],['Ready to Move'],,,"₹ 14,50,000"
https://www.olx.in/item/b-101-radheshyam-residency-iid-1679049377,"Nikol - Naroda Road, Ahmedabad, Gujarat",['Apartments'],['1395'],['2'],['2'],['Semi-Furnished'],['Ready to Move'],['2'],['East'],"₹ 41,50,000"
https://www.olx.in/item/royal-look-house-for-sale-145-cent-pala-town-iid-1683045600,"Meenachil, Palai, Kerala",['Houses & Villas'],['2700'],['4'],['4'],['Semi-Furnished'],['Ready to Move'],['0'],,"₹ 1,25,00,000"
https://www.olx.in/item/2-bhk-ready-to-move-flat-in-gated-society-darpan-city-iid-1684298493,"Garden Colony, Kharar, Punjab",['Builder Floors'],['850'],['2'],['2'],['Semi-Furnished'],['Ready to Move'],['3'],['North-East'],"₹ 18,90,000"
https://www.olx.in/item/2bhk-flat-25-lac-3bhk-flat-37-lac-only-in-rajendra-park-gurgaon-iid-1675028544,"Sector 105, Gurgaon, Haryana",['Builder Floors'],['1350'],['3'],['2'],['Semi-Furnished'],['Ready to Move'],['2'],['East'],"₹ 37,00,000"
https://www.olx.in/item/3bhk-flat-in-railway-road-gurgaon-just-55-lac-only-iid-1675020655,"Sector 6, Gurgaon, Haryana",['Builder Floors'],['1350'],['3'],['3'],['Semi-Furnished'],['Ready to Move'],['1'],['East'],"₹ 55,00,000"
https://www.olx.in/item/palanpur-jakatnaka-palanpur-surat-iid-1669054552,"Palanpur Jakatnaka, Surat, Gujarat",['Apartments'],['625'],['1'],['1'],['Unfurnished'],['Ready to Move'],,,"₹ 17,00,000"
https://www.olx.in/item/pal-adajan-surat-iid-1667958429,"Adajan, Surat, Gujarat",['Apartments'],['1950'],['3'],['3'],['Unfurnished'],['Ready to Move'],,['East'],"₹ 68,00,000"
https://www.olx.in/item/developing-area-narthan-iid-1666837696,"Narthan Dandi Road, Surat, Gujarat",['Houses & Villas'],['1500'],['3'],['3'],['Unfurnished'],['Under Construction'],,['East'],"₹ 53,11,000"
https://www.olx.in/item/near-laxmi-farm-jahangirpura-next-to-d-g-v-c-l-office-jahangirpura-iid-1662177258,"Jahangir Pura, Surat, Gujarat",['Apartments'],['1110'],['2'],['2'],['Semi-Furnished'],['Ready to Move'],,['North'],"₹ 29,00,000"
https://www.olx.in/item/opposite-raj-world-commercial-complx-palanpur-adajan-iid-1659276277,"Palanpur, Surat, Gujarat",['Apartments'],['1130'],['2'],['2'],['Unfurnished'],['Ready to Move'],,['East'],"₹ 34,00,000"
https://www.olx.in/item/o-brokerage-gaupath-road-touch-adajan-surat-iid-1657650504,"Gauravpath Road, Surat, Gujarat",['Apartments'],['1209'],['2'],['2'],['Unfurnished'],['Under Construction'],,['East'],"₹ 47,75,000"
https://www.olx.in/item/new-3-bhk-villa-changanacherry-town15-km-frombypass-railway-station-iid-1684202947,"Fathimapuram, Changanacheri, Kerala",['Houses & Villas'],['1250'],['3'],['3'],['Semi-Furnished'],['New Launch'],['1'],['West'],"₹ 54,50,000"
https://www.olx.in/item/12-1rk-flat-iid-1675173523,"Shiupur, Varanasi, Uttar Pradesh",['Apartments'],['300'],['1'],['1'],['Unfurnished'],['New Launch'],['0'],['East'],"₹ 12,00,000"
https://www.olx.in/item/urapakkam-aiyencheri-nr-saraswathi-mat-school-16km-from-gst-road-iid-1684176979,"Urapakkam, Chennai, Tamil Nadu",['Apartments'],['543'],['1'],['1'],['Unfurnished'],['Ready to Move'],['1'],['North'],"₹ 19,99,997"
https://www.olx.in/item/top-floor-gauravpath-road-touch-campus-new-construction-adajan-surat-iid-1652038662,"Gauravpath Road, Surat, Gujarat",['Apartments'],['1233'],['2'],['2'],['Semi-Furnished'],['Ready to Move'],,['East'],"₹ 41,00,000"
https://www.olx.in/item/ready-to-move-project-palanpur-adajan-iid-1652037177,"Palanpur, Surat, Gujarat",['Apartments'],['712'],['1'],['1'],['Unfurnished'],['Ready to Move'],,['East'],"₹ 24,00,000"
https://www.olx.in/item/gauravpath-road-under-construction-project-iid-1652033803,"Gauravpath Road, Surat, Gujarat",['Apartments'],['771'],['1'],['1'],['Unfurnished'],['Under Construction'],,['East'],"₹ 27,11,000"
https://www.olx.in/item/near-gangeshwar-mahadev-temple-opposite-s-m-c-library-adajan-surat-iid-1651944026,"Anand Mahal Road Area, Surat, Gujarat",['Apartments'],['1750'],['3'],['3'],['Semi-Furnished'],['Ready to Move'],,['East'],"₹ 50,00,000"
https://www.olx.in/item/55-marlas-kothi-in-just-56-lacs-near-urban-estate-phase-2-iid-1600497414,"Kalkidhar Avenue, Jalandhar, Punjab",['Houses & Villas'],['2500'],['4'],['4'],['Semi-Furnished'],['Ready to Move'],['2'],,"₹ 56,00,000"
https://www.olx.in/item/3-bhk-flat-in-just-45-lacs-nr-urban-estate-phase-2-iid-1544267183,"Urban Estate, Jalandhar, Punjab",['Apartments'],['1400'],['3'],['3'],['Semi-Furnished'],['Ready to Move'],,,"₹ 45,00,000"
https://www.olx.in/item/luxurious-flats-villas-cheaper-rates-65-lac-nr-66-ft-rd-iid-1530267327,"Kalkidhar Avenue, Jalandhar, Punjab",['Apartments'],['2360'],['3'],['3'],['Semi-Furnished'],['New Launch'],,,"₹ 65,00,000"
https://www.olx.in/item/4-to-10-marla-brand-new-kothies-for-sale-curo-pvr-cinema-66-ft-road-iid-1526219507,"Kalkidhar Avenue, Jalandhar, Punjab",['Houses & Villas'],['3000'],['4'],['4'],['Semi-Furnished'],['Ready to Move'],,,"₹ 62,00,000"
https://www.olx.in/item/2-cent-1400-sqft-3-bhk-brand-new-independent-villa-sale-at-edappally-iid-1679448988,"Edappally, Kochi, Kerala",['Houses & Villas'],['1700'],['3'],['3'],['Semi-Furnished'],['Ready to Move'],,,"₹ 48,00,000"
https://www.olx.in/item/2bhk-165-45--iid-1685047325,"Enikepadu, Vijayawada, Andhra Pradesh",['Houses & Villas'],['1400'],['2'],['2'],['Unfurnished'],['Under Construction'],['1'],['East'],"₹ 45,00,000"
https://www.olx.in/item/2bhk-135-35--iid-1685046878,"Vijayawada Bus Stand Area, Vijayawada, Andhra Pradesh",['Houses & Villas'],['1000'],['2'],['2'],['Furnished'],['New Launch'],['1'],['North-East'],"₹ 35,00,000"
https://www.olx.in/item/sell-35-4-bhk-bunglows-iid-1681257894,"Bhayli-Sunpharma Link Road, Vadodara, Gujarat",['Houses & Villas'],['1537'],['3'],['3'],['Unfurnished'],['Ready to Move'],,['North-East'],"₹ 1,15,00,000"
https://www.olx.in/item/near-vaishali-nagar-at-hanuman-vatika-2-bhk-apartment-flat-for-sale-iid-1667822431,"Vaishali Nagar, Jaipur, Rajasthan",['Apartments'],['991'],['2'],['2'],['Semi-Furnished'],['Ready to Move'],['1'],['North'],"₹ 30,00,000"
https://www.olx.in/item/stunning-house-sale-near-pothencode-iid-1682540192,"Kazhakoottam, Thiruvananthapuram, Kerala",['Houses & Villas'],['1650'],['4'],['4'],['Semi-Furnished'],['New Launch'],,['East'],"₹ 67,00,000"
https://www.olx.in/item/beautiful-excellent-house-for-sale-chenkottukonam-iid-1682539626,"Kazhakoottam, Thiruvananthapuram, Kerala",['Houses & Villas'],['2000'],['4'],['4'],['Semi-Furnished'],['New Launch'],,,"₹ 62,00,000"
https://www.olx.in/item/janata-furniture-renigunta-iid-1682862627,"Renigunta, Tirupati, Andhra Pradesh",['Houses & Villas'],['24'],['3'],['3'],['Furnished'],['New Launch'],['2'],['East'],"₹ 58,00,000"
https://www.olx.in/item/3040-2bhk-brand-new-house-for-sale-in-jp-nagar-sri-nagar-muda-propert-iid-1685115479,"JP Nagar, Mysuru, Karnataka",['Houses & Villas'],['1200'],['2'],['2'],['Furnished'],['Ready to Move'],,['North-West'],"₹ 70,00,000"
https://www.olx.in/item/luxury-3bhk-flat-with-home-loan-registry-iid-1684934844,"Chattarpur, Delhi, Delhi",['Builder Floors'],['1230'],['3'],['2'],['Semi-Furnished'],['Under Construction'],['1'],['North'],"₹ 64,00,000"
https://www.olx.in/item/njandoorkonam-powdikonam-new-house-sale-iid-1682539447,"Kazhakoottam, Thiruvananthapuram, Kerala",['Houses & Villas'],['2300'],['4'],['4'],['Semi-Furnished'],['New Launch'],,['East'],"₹ 80,00,000"
https://www.olx.in/item/big-size-2-bhk-flat-with-90home-loan--iid-1684048995,"Uttam Nagar, Delhi, Delhi",['Builder Floors'],['513'],['2'],['2'],['Semi-Furnished'],['Ready to Move'],['2'],['North'],"₹ 23,21,000"
https://www.olx.in/item/best-one-bhk-flat-bahut-hi-saste-me-ab--iid-1683541517,"Uttam Nagar, Delhi, Delhi",['Builder Floors'],['423'],['1'],['1'],['Semi-Furnished'],['Ready to Move'],['2'],['North'],"₹ 16,95,000"
https://www.olx.in/item/bilkul-low-budget-me-3-bhk-flat-ab-uttam-nagar-m-iid-1683540974,"Uttam Nagar, Delhi, Delhi",['Builder Floors'],['725'],,['3'],['Semi-Furnished'],['Ready to Move'],['3'],['West'],"₹ 35,21,000"
https://www.olx.in/item/2-bhk-flat-available-for-sale-at-uma-char-rasta-vadodara-iid-1682541208,"Kapurai, Vadodara, Gujarat",['Apartments'],['1066'],['2'],['2'],['Unfurnished'],['Under Construction'],,,"₹ 18,49,996"
https://www.olx.in/item/3bhk-apne-sapno-ka-ghar-book-kre-delhi-mai-apna-ghar-iid-1673153671,"Uttam Nagar, Delhi, Delhi",['Builder Floors'],['720'],['3'],['2'],['Furnished'],['Ready to Move'],['2'],['North'],"₹ 35,50,000"
https://www.olx.in/item/2bhk-apna-ghar-kharidey-assan-kishto-par-iid-1673011159,"Nawada, Delhi, Delhi",['Builder Floors'],['520'],['2'],['2'],['Semi-Furnished'],['Ready to Move'],['1'],['South'],"₹ 22,25,000"
https://www.olx.in/item/2bhk-flat-located-shilphata-mumbra-iid-1686005381,"Shilphata Road, Thane, Maharashtra",['Apartments'],['650'],['2'],['1'],['Semi-Furnished'],['Ready to Move'],['7'],,"₹ 20,00,000"
https://www.olx.in/item/3-bhk-semi-duplex-villa-water-available-iid-1632290773,"Kalwar Road, Jaipur, Rajasthan",['Houses & Villas'],['1210'],['3'],['2'],['Semi-Furnished'],['Ready to Move'],['1'],['West'],"₹ 22,10,000"
https://www.olx.in/item/aluva-kadungaloor-3-bhk-bus-stop-150mtr-kalamassery-edapally-uccollege-iid-1651760330,"Karumalloor, Kadungalloor, Kerala",['Houses & Villas'],['1999'],['3'],['3'],['Furnished'],['Ready to Move'],,,"₹ 68,00,000"
https://www.olx.in/item/nearest-to-tolgate-metro-and-bus-stand-iid-1686005365,"Sattangadu, Chennai, Tamil Nadu",['Houses & Villas'],['1800'],['2'],['2'],['Unfurnished'],['Ready to Move'],,['South'],"₹ 56,00,000"
https://www.olx.in/item/house-for-sale-iid-1686005335,"Thattamala, Kollam, Kerala",['Houses & Villas'],['3150'],['4'],['4+'],['Furnished'],['New Launch'],,['North-West'],"₹ 1,10,00,000"
https://www.olx.in/item/95-cent-2800-sqft-fully-furnished-4-bhk-angamaly-karayamparamb-iid-1646600828,"Nedumbassery, Kochi, Kerala",['Houses & Villas'],['3000'],['4'],['4'],['Furnished'],['Ready to Move'],,,"₹ 1,10,00,000"
https://www.olx.in/item/50-sqyd-hometwo-floor-in-rajendra-park-gurgaon-iid-1655700219,"Rajendra Park, Gurgaon, Haryana",['Houses & Villas'],['1000'],['4+'],['2'],['Furnished'],['Ready to Move'],['1'],['North'],"₹ 43,00,000"
https://www.olx.in/item/9-cent-2200-sqft-4-bhk-nedumbassery-athani-chengamanad-paravoor-road-iid-1646760659,"Nedumbassery, Kochi, Kerala",['Houses & Villas'],['2200'],['4'],['4'],['Furnished'],['Ready to Move'],,,"₹ 55,00,000"
https://www.olx.in/item/2350-sq-ft-4-bhk-in-5cents-thripunithura-iid-1682687130,"Tripunithura, Kochi, Kerala",['Houses & Villas'],['2350'],['4'],['4'],['Semi-Furnished'],['Ready to Move'],,,"₹ 1,30,00,000"
https://www.olx.in/item/himalaya-properties-builders-iid-1675073911,"Govindpuram, Ghaziabad, Uttar Pradesh",['Builder Floors'],['900'],['2'],['2'],['Semi-Furnished'],['Ready to Move'],['1'],['East'],"₹ 14,50,000"
https://www.olx.in/item/2bhk-flat-for-sale-new-constructed-90-loan-215-lac-iid-1684849862,"Uttam Nagar, Delhi, Delhi",['Builder Floors'],['460'],['2'],['1'],['Semi-Furnished'],['Ready to Move'],['1'],['East'],"₹ 21,50,000"
https://www.olx.in/item/low-price-trivndrum-peyad-iid-1674649366,"Thirumala, Thiruvananthapuram, Kerala",['Houses & Villas'],['1200'],['3'],['3'],['Furnished'],['Ready to Move'],,['East'],"₹ 31,00,000"
https://www.olx.in/item/1-bhk-master-bed-garden-facing-flat-for-sell-in-veena-dynasty-iid-1648566724,"Vasai East, Mumbai, Maharashtra",['Apartments'],['650'],['1'],['2'],['Semi-Furnished'],['Ready to Move'],['2'],['East'],"₹ 36,00,000"
https://www.olx.in/item/sales-tmc-building-iid-1658795320,"Mumbra, Thane, Maharashtra",['Apartments'],['1800'],['3'],['3'],['Furnished'],['Ready to Move'],['6'],['West'],"₹ 1,20,00,000"
https://www.olx.in/item/with-river-view-individual-house-iid-1686005186,"Poovalapp, South Thrikkaripur, Kerala",['Farm Houses'],['1000'],['3'],['1'],['Semi-Furnished'],['Ready to Move'],['1'],['North-East'],"₹ 50,000"
https://www.olx.in/item/luxurious-duplex-house-under-construction-near-aiims-bhubaneswar-iid-1686005111,"Sijua Patrapada, Bhubaneshwar, Odisha",['Houses & Villas'],['2000'],['4+'],['4'],['Unfurnished'],['Under Construction'],['2'],['East'],"₹ 70,00,000"
https://www.olx.in/item/aluva-choondy-4bhk-near-kalamassery-kakkanad-edappally-thevakkal-iid-1576395836,"Assissi Nagar, Aluva, Kerala",['Houses & Villas'],['2100'],['4'],['4'],['Furnished'],['Ready to Move'],,['East'],"₹ 85,00,000"
https://www.olx.in/item/1bhk-for-sale-42-lakhs-all-including-package-tmc-approved-project-iid-1669369954,"Mumbra, Thane, Maharashtra",['Apartments'],['650'],['1'],['1'],['Unfurnished'],['Ready to Move'],['16'],['South-East'],"₹ 42,00,000"
https://www.olx.in/item/house-for-sale-iid-1686005047,"Khatibaba Mohalla, Jhansi, Uttar Pradesh",['Houses & Villas'],['1800'],['4'],['2'],['Semi-Furnished'],['Ready to Move'],['0'],['North'],"₹ 60,00,000"
https://www.olx.in/item/4-cent-3-bhk-new-house-kakkanad-pallikara-thripunithura-pukkattupady-iid-1656332040,"Kakkanad, Kochi, Kerala",['Houses & Villas'],['1602'],['3'],['3'],['Semi-Furnished'],['Ready to Move'],,['North'],"₹ 49,99,999"
https://www.olx.in/item/5-cent-4-bhk-nedumbassery-athani-chengamanad-paravoor-road-near-aluva-iid-1647105975,"Nedumbassery, Kochi, Kerala",['Houses & Villas'],['2000'],['4'],['4'],['Semi-Furnished'],['Ready to Move'],,,"₹ 60,00,000"
https://www.olx.in/item/1bhk-luxurious-masterbed-flat-in-veena-dynasty-3225-lac-with-oc-iid-1662782922,"Vasai East, Mumbai, Maharashtra",['Apartments'],['650'],['1'],['2'],['Semi-Furnished'],['Ready to Move'],['0'],['East'],"₹ 33,00,000"
https://www.olx.in/item/30-cent-2400-sqft-4-bhk-in-nedumbassery-athani-paravoor-road-kunnukara-iid-1647563010,"Nedumbassery, Kochi, Kerala",['Houses & Villas'],['2400'],['4'],['4'],['Furnished'],['Ready to Move'],,,"₹ 1,40,00,000"
https://www.olx.in/item/4bhk-my-villas-vattiyoorkavu-tvm-iid-1655783064,"Vattiyoorkavu, Thiruvananthapuram, Kerala",['Houses & Villas'],['2200'],['4'],['4'],['Semi-Furnished'],['Ready to Move'],,,"₹ 70,00,000"
https://www.olx.in/item/with-all-furnitures-fittings-iid-1686004901,"Barasat- Barrackpore Road, Kolkata, West Bengal",['Apartments'],['1070'],['3'],['2'],['Furnished'],['Ready to Move'],['2'],['North-West'],"₹ 32,00,000"
https://www.olx.in/item/2bhk-tmcbuilding-iid-1671606929,"Kausa, Thane, Maharashtra",['Builder Floors'],['856'],['2'],['2'],['Unfurnished'],['New Launch'],['3'],['North-West'],"₹ 41,20,000"
https://www.olx.in/item/sapno-ka-ghar-apna-ghar-greater-noida-prime-location-me-iid-1685533078,"PHI IV, Greater Noida, Uttar Pradesh",['Builder Floors'],['433'],['1'],['1'],['Semi-Furnished'],['Ready to Move'],['1'],['East'],"₹ 9,98,000"
https://www.olx.in/item/flat-for-sale-in-chattarpur-iid-1683099407,"Chattarpur, Delhi, Delhi",['Builder Floors'],['750'],['2'],['2'],['Semi-Furnished'],['Ready to Move'],['2'],['East'],"₹ 23,00,000"
https://www.olx.in/item/1-bhk-for-sale-in-edappally-iid-1673947794,"Edappally, Kochi, Kerala",['Apartments'],['591'],['1'],['1'],['Unfurnished'],['Under Construction'],['3'],['East'],"₹ 28,50,000"
https://www.olx.in/item/41-cent-900-sqft-2-bhk-new-house-in-edapally-varapuzha-cheranalloor-iid-1654421683,"Varapuzha, Kochi, Kerala",['Houses & Villas'],['900'],['2'],['2'],['Furnished'],['Ready to Move'],,,"₹ 42,00,000"
https://www.olx.in/item/flat-2-bhk-quick-loan-and-registrylift-carparking-etc-very-gurgaon-iid-1654750666,"Rajendra Park, Gurgaon, Haryana",['Builder Floors'],['700'],['2'],['2'],['Furnished'],['Ready to Move'],['1'],['East'],"₹ 20,00,000"
https://www.olx.in/item/3-bhk-builder-floor-near-dwarka-sector-5-iid-1686004861,"Madhu Vihar, Delhi, Delhi",['Builder Floors'],['1000'],['3'],['2'],['Semi-Furnished'],['Ready to Move'],['1'],['North'],"₹ 55,00,000"
https://www.olx.in/item/6-cent-2400-sqft-4-bhk-new-house-in-kakkanad-pukkattupady-thevakkal-iid-1657127288,"Kakkanad, Kochi, Kerala",['Houses & Villas'],['2400'],['4'],['4'],['Furnished'],['Ready to Move'],,,"₹ 85,00,000"
https://www.olx.in/item/new-beautiful-home-near-thodupuzha-iid-1667762603,"Annakudu, Thodupuzha, Kerala",['Houses & Villas'],['1400'],['3'],['3'],['Furnished'],['Ready to Move'],['1'],['East'],"₹ 46,00,000"
https://www.olx.in/item/1-bhk-for-sale-good-location-iid-1686004801,"HMT Swarnapuri Colony, Hyderabad, Telangana",['Apartments'],['600'],['1'],['1'],['Furnished'],['Ready to Move'],['3'],['East'],"₹ 20,50,000"
https://www.olx.in/item/3-cent-920-sqft-2-bhk-house-aluva-alangad-near-kongorpilly-edapally-iid-1657441859,"Alangad, Kadungalloor, Kerala",['Houses & Villas'],['925'],['2'],['2'],['Semi-Furnished'],['Ready to Move'],,,"₹ 31,00,000"
https://www.olx.in/item/3-bhk-flat-for-sale-iid-1686004781,"Chattarpur, Delhi, Delhi",['Builder Floors'],['1000'],['3'],['2'],['Semi-Furnished'],['Ready to Move'],['4'],['West'],"₹ 50,00,000"
https://www.olx.in/item/near-vazhakulam-iid-1666605804,"Annakudu, Thodupuzha, Kerala",['Houses & Villas'],['1400'],['3'],['3'],['Furnished'],['Ready to Move'],['1'],['East'],"₹ 55,00,000"
https://www.olx.in/item/5-cent-super-house-trivndrum-thirumala-pidaram-iid-1676095231,"Thirumala, Thiruvananthapuram, Kerala",['Houses & Villas'],['1100'],['3'],['3'],['Furnished'],['Ready to Move'],,['East'],"₹ 40,00,000"
https://www.olx.in/item/1-bedroom-flat-reseal-iid-1686004699,"Ramavarappadu, Vijayawada, Andhra Pradesh",['Apartments'],['550'],['1'],['1'],['Semi-Furnished'],['Ready to Move'],['2'],['West'],"₹ 16,10,000"
https://www.olx.in/item/3bhk-flat-in-rajendra-park-gurgaon-iid-1655472306,"Rajendra Park, Gurgaon, Haryana",['Builder Floors'],['950'],['3'],['2'],['Furnished'],['Ready to Move'],['1'],['North'],"₹ 32,00,000"
https://www.olx.in/item/attractive-house-trivndrum-vattiyoorkavu-puliyarakonam-iid-1675524242,"Thirumala, Thiruvananthapuram, Kerala",['Houses & Villas'],['1000'],['3'],['3'],['Furnished'],['Ready to Move'],,['East'],"₹ 37,00,000"
https://www.olx.in/item/near-thodupuzha-muvattupuzha-road-iid-1672147120,"Movathapuzha, Thodupuzha, Kerala",['Houses & Villas'],['2600'],['4'],['3'],['Furnished'],['Ready to Move'],['3'],['East'],"₹ 95,00,000"
https://www.olx.in/item/nungambakkam-on-mainroad-property-sale-iid-1680957895,"Nungambakkam Haddows, Chennai, Tamil Nadu",['Houses & Villas'],['5700'],['4'],['4'],['Unfurnished'],['Ready to Move'],['2'],['West'],"₹ 24,00,00,000"
https://www.olx.in/item/agripadas-awarded-bldg-2-bhk-beautiful-3-bathrooms-iid-1682520728,"Mumbai Central, Mumbai, Maharashtra",['Apartments'],['1400'],['2'],['3'],['Furnished'],['Ready to Move'],['12'],['West'],"₹ 3,19,00,000"
https://www.olx.in/item/last-chance-to-get-best-price-of-3-bhk-iid-1685073673,"Central Secretariat, Delhi, Delhi",['Apartments'],['1045'],['2'],['2'],['Unfurnished'],['Under Construction'],['5'],['East'],"₹ 38,14,000"
https://www.olx.in/item/1rk-flat-for-sale-in-virar-east-iid-1685932509,"Virar East, Mumbai, Maharashtra",['Apartments'],['455'],,['1'],['Unfurnished'],['Ready to Move'],['1'],,"₹ 20,50,000"
https://www.olx.in/item/-iid-1672357453,"Annakudu, Thodupuzha, Kerala",['Houses & Villas'],['1500'],['4'],['4'],['Furnished'],['Ready to Move'],['2'],['East'],"₹ 35,00,000"
https://www.olx.in/item/honey-homes-iid-1686004580,"Karapalli, Hosur, Tamil Nadu",['Houses & Villas'],['1600'],['3'],['3'],['Unfurnished'],['Under Construction'],['12'],['North-East'],"₹ 55,00,000"
https://www.olx.in/item/kakkodi-sasheendra-bank-5-cent-4-bed-new-house-iid-1686004575,"Kakkodi, Kozhikode, Kerala",['Houses & Villas'],['2000'],['4'],['4'],['Unfurnished'],['Under Construction'],['2'],,"₹ 62,00,000"
https://www.olx.in/item/1bhk-navi-mumbai-flat-near-upcoming-airport-iid-1686004567,"Dronagiri, Navi Mumbai, Maharashtra",['Apartments'],['640'],['1'],['1'],['Unfurnished'],['Ready to Move'],['2'],['East'],"₹ 40,00,000"
https://www.olx.in/item/new-4-bhk-home-near-thodupuzha-muvattupuzha-road-iid-1676188077,"Annakudu, Thodupuzha, Kerala",['Houses & Villas'],['1950'],['4'],['4'],['Furnished'],['Ready to Move'],['1'],['East'],"₹ 65,00,000"
https://www.olx.in/item/house-for-sale-iid-1686004510,"Nadergul, Hyderabad, Telangana",['Houses & Villas'],['775'],['2'],['2'],['Unfurnished'],['Ready to Move'],['0'],['West'],"₹ 52,00,000"
https://www.olx.in/item/gupta-house-iid-1686004485,"Dadar Kulba, Muzaffarpur, Bihar",['Houses & Villas'],['1110'],['2'],['2'],['Furnished'],['Ready to Move'],['2'],['West'],"₹ 60,00,000"
https://www.olx.in/item/gopalapuram-2-bhk-flat-800-sqft-uds-360-price-rs-85-lac-negotiable-iid-1686004480,"Gopalapuram, Chennai, Tamil Nadu",['Apartments'],['800'],['2'],['2'],['Semi-Furnished'],['Ready to Move'],['2'],['South'],"₹ 85,00,000"
https://www.olx.in/item/2bhk-flats-ecc-whitefield-iid-1672429885,"Whitefield, Bengaluru, Karnataka",['Apartments'],['1110'],,,,,,['East'],"₹ 55,00,000"
https://www.olx.in/item/basundra-enclave-rajagardan-iid-1686004432,"Jagieetpur, Haridwar, Uttaranchal",['Houses & Villas'],['701'],['2'],['1'],['Semi-Furnished'],['Ready to Move'],,['North'],"₹ 18,50,000"
https://www.olx.in/item/1500-sqft-3-bhk-in-3-cent-land-for-sale-at-kakkanad-kuzhuvelipady-iid-1682101687,"Kakkanad, Kochi, Kerala",['Houses & Villas'],['1600'],['3'],['3'],['Semi-Furnished'],['Ready to Move'],,,"₹ 66,00,000"
https://www.olx.in/item/individual-building-electronicity-iid-1674144358,"Electronic City Phase II, Bengaluru, Karnataka",['Houses & Villas'],['1200'],,,,,,,"₹ 1,80,00,000"
https://www.olx.in/item/individual-building-channasandra-whitefield-iid-1672435133,"Kadugodi, Bengaluru, Karnataka",['Houses & Villas'],['1350'],,,,,,,"₹ 1,50,00,000"
https://www.olx.in/item/90-sqyd-home-in-rajendra-park-gurgaon-iid-1656374700,"Rajendra Park, Gurgaon, Haryana",['Houses & Villas'],['1700'],['4'],['4'],['Furnished'],['Ready to Move'],['1'],['East'],"₹ 55,00,000"
https://www.olx.in/item/house-sell-iid-1686004367,"Veer Savarkar Nagar, Bareilly, Uttar Pradesh",['Houses & Villas'],['35'],['2'],['1'],['Semi-Furnished'],['Ready to Move'],['1'],['North-East'],"₹ 15,00,000"
https://www.olx.in/item/flat-3bhk-at-new-mallepally-iid-1674186692,"Vijaya Nagar Colony, Hyderabad, Telangana",['Apartments'],['1550'],['3'],['3'],['Semi-Furnished'],['Ready to Move'],['4'],['North'],"₹ 75,00,000"
https://www.olx.in/item/1250-sqft-uit-approved-loanable-house-iid-1684050205,"Borkhera, Kota, Rajasthan",['Houses & Villas'],['1250'],['3'],['2'],['Furnished'],['Under Construction'],['1'],['East'],"₹ 46,00,000"
https://www.olx.in/item/2-bhk-spacious-semi-furnished-flat-on-urgent-sale-iid-1682448633,"Mira Road East, Mumbai, Maharashtra",['Apartments'],['990'],['2'],['2'],['Semi-Furnished'],['Ready to Move'],['3'],['North-East'],"₹ 77,00,000"
https://www.olx.in/item/super-house-trivndrum-vattiyoorkavu-puliyarakonam-iid-1676218838,"Thirumala, Thiruvananthapuram, Kerala",['Houses & Villas'],['800'],['2'],['2'],['Furnished'],['Ready to Move'],,['East'],"₹ 32,00,000"
https://www.olx.in/item/kothi-for-sale-iid-1686004278,"Keshar Bagh, Patiala, Punjab",['Houses & Villas'],['3000'],['4+'],['3'],['Furnished'],['Ready to Move'],,,"₹ 1,10,00,000"
https://www.olx.in/item/3bhk-flat-in-rajendra-park-gurgaon-iid-1656295735,"Rajendra Park, Gurgaon, Haryana",['Builder Floors'],['990'],['3'],['2'],['Furnished'],['Ready to Move'],['2'],['North'],"₹ 32,00,000"
https://www.olx.in/item/10-cent-new-home-pala-paika-iid-1646900788,"Peroor, Ettumanoor, Kerala",['Houses & Villas'],['1600'],['3'],['3'],['Furnished'],['Ready to Move'],['1'],['East'],"₹ 60,00,000"
https://www.olx.in/item/800-sqft-2bhk-flat-for-sale-at-17-lakhs-negotiable-iid-1686004227,"Nayabad, Kolkata, West Bengal",['Apartments'],['800'],['2'],['2'],['Unfurnished'],['Ready to Move'],['3'],['South'],"₹ 17,00,000"
https://www.olx.in/item/2100-sqft-4-bhk-in-45-cent-land-for-sale-at-kakkanad-thevakkal-iid-1682099525,"Kakkanad, Kochi, Kerala",['Houses & Villas'],['2100'],['4'],['4'],['Semi-Furnished'],['Under Construction'],,,"₹ 90,00,000"
https://www.olx.in/item/sale-urgent-iid-1686004222,"Kasaidanga, Puruliya, West Bengal",['Houses & Villas'],['891'],['1'],['1'],['Unfurnished'],['Ready to Move'],,['North'],"₹ 10,00,000"
https://www.olx.in/item/1600sq-thirumala-thachottukavu-iid-1678944055,"Thirumala, Thiruvananthapuram, Kerala",['Houses & Villas'],['1600'],['3'],['4'],['Semi-Furnished'],['Ready to Move'],,,"₹ 45,00,000"
https://www.olx.in/item/duplex-house-under-construction-at-bharatpur-iid-1686004183,"Shyampur, Bhubaneshwar, Odisha",['Houses & Villas'],['1300'],['3'],['2'],['Unfurnished'],['Under Construction'],['2'],['North-West'],"₹ 35,00,000"
https://www.olx.in/item/68-sqyd-home-in-rajendra-park-gurgaon-iid-1656295369,"Rajendra Park, Gurgaon, Haryana",['Houses & Villas'],['1400'],['4'],['3'],['Furnished'],['Ready to Move'],['1'],['North-West'],"₹ 51,00,000"
https://www.olx.in/item/2700sqthirumalathachottukavu-iid-1684357064,"Thirumala, Thiruvananthapuram, Kerala",['Houses & Villas'],['2700'],['4+'],['4+'],['Semi-Furnished'],['Ready to Move'],,,"₹ 1,05,00,000"
https://www.olx.in/item/5cent-4bhk-my-villas-vattiyoorkavutvm-iid-1677767453,"Vattiyoorkavu, Thiruvananthapuram, Kerala",['Houses & Villas'],['2100'],['4'],['4'],['Semi-Furnished'],['Ready to Move'],,,"₹ 85,00,000"
https://www.olx.in/item/2bhk-800sqft-2--iid-1670385932,"Santoshi Nagar, Raipur, Chhattisgarh",['Houses & Villas'],['800'],['2'],['2'],['Unfurnished'],['Ready to Move'],['1'],['East'],"₹ 27,00,000"
https://www.olx.in/item/4500cent4bhk-vattiyoorkavuvazhayila-iid-1684701314,"Vattiyoorkavu, Thiruvananthapuram, Kerala",['Houses & Villas'],['2100'],['4'],['4'],['Semi-Furnished'],['Ready to Move'],,,"₹ 90,00,000"
https://www.olx.in/item/4bhk-thirumala-thachottukavu-tvm-iid-1678037180,"Thirumala, Thiruvananthapuram, Kerala",['Houses & Villas'],['1600'],['4'],['4'],['Semi-Furnished'],['Ready to Move'],,,"₹ 48,00,000"
https://www.olx.in/item/75-sq-yards-g1-east-facing-independent-house-iid-1678753788,"Ajit Sing Nagar, Vijayawada, Andhra Pradesh",['Houses & Villas'],['690'],['2'],['2'],['Furnished'],['Ready to Move'],['2'],['East'],"₹ 45,00,000"
https://www.olx.in/item/k-k-colony-basni-1st-phase-jodhpur-iid-1681593238,"Basni Phase I, Jodhpur, Rajasthan",['Houses & Villas'],['2000'],['4+'],['4+'],['Semi-Furnished'],['Ready to Move'],['2'],['East'],"₹ 55,00,000"
https://www.olx.in/item/3bhk-with-liftcar-parking--iid-1675245782,"Dwarka Mor, Delhi, Delhi",['Builder Floors'],['850'],['3'],['2'],['Semi-Furnished'],['Ready to Move'],['2'],['South-East'],"₹ 42,00,000"
https://www.olx.in/item/three-bedroom-flat-furnished-iid-1681898086,"Raj Nagar Extension, Ghaziabad, Uttar Pradesh",['Apartments'],['1421'],['3'],['2'],['Furnished'],['Ready to Move'],['6'],['East'],"₹ 55,00,000"
https://www.olx.in/item/10-cent-land-and-house-iid-1686003961,"Kayamkulam, Bharanikkavu, Kerala",['Houses & Villas'],['4500'],['1'],['1'],['Unfurnished'],['Ready to Move'],,['West'],"₹ 28,00,000"
https://www.olx.in/item/kamal-nivas-iid-1686003897,"Palghar Industrial Area, Palghar, Maharashtra",['Houses & Villas'],['2500'],['4'],['4'],['Semi-Furnished'],['Ready to Move'],['0'],['East'],"₹ 1,60,00,000"
https://www.olx.in/item/row-house-for-sale-urgently-iid-1686003891,"Tagore Nagar, Bhopal, Madhya Pradesh",['Houses & Villas'],['1500'],['3'],['2'],['Semi-Furnished'],['Ready to Move'],,['North'],"₹ 65,00,000"
https://www.olx.in/item/new-flat-for-sale-iid-1680957632,"Kanathur, Chennai, Tamil Nadu",['Apartments'],['2783'],['3'],['3'],['Unfurnished'],['Ready to Move'],['1'],['South'],"₹ 1,80,00,000"
https://www.olx.in/item/bhk--iid-1686003740,"Santoshi Nagar, Raipur, Chhattisgarh",['Houses & Villas'],['600'],['2'],['1'],['Unfurnished'],['Ready to Move'],['1'],['South'],"₹ 20,00,000"
https://www.olx.in/item/4-bhk-new-house-at-kakkanad-pallikara-near-infopark-5-km-only-iid-1659641549,"Kakkanad, Kochi, Kerala",['Houses & Villas'],['1689'],['4'],['3'],['Furnished'],['Ready to Move'],,,"₹ 65,00,000"
https://www.olx.in/item/4-cent-4-bhk-new-house-in-edapally-varapuzha-near-cheranalloor-iid-1654145137,"Edapally, Kochi, Kerala",['Houses & Villas'],['1800'],['4'],['4'],['Furnished'],['Ready to Move'],,,"₹ 65,00,000"
https://www.olx.in/item/58-sqyd-home-in-rajendra-park-gurgaon-iid-1665276773,"Rajendra Park, Gurgaon, Haryana",['Houses & Villas'],['1300'],['3'],['2'],['Semi-Furnished'],['Ready to Move'],['2'],['North'],"₹ 36,00,000"
https://www.olx.in/item/well-maintained-independent-house-in-badangpet-lokayuka-colony-iid-1682592719,"Badangpet, Hyderabad, Telangana",,,,,,,,,"₹ 99,00,000"
https://www.olx.in/item/3-bhk-ready-to-move-in-apartment-at-arcadia-grant-iid-1578226029,,,,,,,,,,
https://www.olx.in/item/2bhk-individual-duplex-villa-2820l-in-avadi-iid-1682301941,,,,,,,,,,
https://www.olx.in/item/1-bhk-spaces-flat-near-bdlapur-railway-station-iid-1686003657,,,,,,,,,,
https://www.olx.in/item/6-cent-4-bhk-new-house-kakkanad-kizhakkambalam-pukkattupady-road-iid-1656346825,,,,,,,,,,
https://www.olx.in/item/house-in-badheri-iid-1686003559,,,,,,,,,,
https://www.olx.in/item/78-sqyd-home-in-laxman-vihar-iid-1665281895,,,,,,,,,,
https://www.olx.in/item/35-cent-3-bhk-new-house-kakkanad-pukkattupady-near-aluva-edapally-iid-1663130637,,,,,,,,,,
https://www.olx.in/item/-iid-1686003527,,,,,,,,,,
https://www.olx.in/item/5-cent-2000-sqft-4-bhk-new-house-in-kakkanad-pallikara-20-twenty-areas-iid-1657265374,,,,,,,,,,
https://www.olx.in/item/old-house-with-65-cents-land-desabhimani-junction-iid-1685753097,,,,,,,,,,
https://www.olx.in/item/2bhk-flat-for-sale-kaloor-iid-1672534288,,,,,,,,,,
https://www.olx.in/item/4bhk-4000sqft-kadavanthara-iid-1671746710,,,,,,,,,,
https://www.olx.in/item/12bhk-apartments-for-salebook-now-iid-1685046185,,,,,,,,,,
https://www.olx.in/item/2-3-bhk-jda-laxminagar-niwaru-road-iid-1676502684,,,,,,,,,,
https://www.olx.in/item/3bhk-flat-jhotwara-kalwar-road-iid-1676502324,,,,,,,,,,
https://www.olx.in/item/new-3bhk-flat-niwaru-road-jaipur-iid-1676106921,,,,,,,,,,
https://www.olx.in/item/3bhk-flat-jothwar-niwaru-road-iid-1676106497,,,,,,,,,,
https://www.olx.in/item/3-bhk-flat-for-sale-at-nsd-triumph-thrippunithura-iid-1679352657,,,,,,,,,,
https://www.olx.in/item/thodupuzha-4-bhk-new-house-iid-1685469298,,,,,,,,,,
https://www.olx.in/item/ready-to-move-new-2-bhk-flats-available-at-aakash-greens-mango-iid-1635747185,,,,,,,,,,
https://www.olx.in/item/3bhk-flat-kirni-patak-kalwar-phuliya-iid-1674030149,,,,,,,,,,
https://www.olx.in/item/2bhk-flat-jda-all-bank-loan-100-kalwar-road-iid-1672431426,,,,,,,,,,
https://www.olx.in/item/4cent-3bhk-thirumalapidarm-my-villas-iid-1662938537,,,,,,,,,,
https://www.olx.in/item/my-villas-thirumala-magattukadavu-tvm-iid-1678983453,,,,,,,,,,
https://www.olx.in/item/1500-sqft-4-bhk-3-cent-iid-1673742443,,,,,,,,,,
https://www.olx.in/item/1560-sqft-3-bhk-rs-58-lakhs-iid-1671307237,,,,,,,,,,
https://www.olx.in/item/1480-sqft-3-bhk-rs-72-lakhs-iid-1670863676,,,,,,,,,,
https://www.olx.in/item/4bhk-thirumala-thachottukavutvm-iid-1670855011,,,,,,,,,,
https://www.olx.in/item/43-3-bhk-67--iid-1669263181,,,,,,,,,,
https://www.olx.in/item/5cent-5bhk2700sqthirumalapidarmtvm-iid-1667015054,,,,,,,,,,
https://www.olx.in/item/my-villas-thirumala-pidarm-tvm-iid-1666903085,,,,,,,,,,
https://www.olx.in/item/east-facing-vasthu4bhk-my-villas-iid-1666858312,,,,,,,,,,
https://www.olx.in/item/3-bhk-duplex-villa-for-sale-near-ravan-gate-iid-1683539461,,,,,,,,,,
https://www.olx.in/item/165-at-prime-location-iid-1682538881,,,,,,,,,,
https://www.olx.in/item/70-fullduplex-iid-1682538093,,,,,,,,,,
https://www.olx.in/item/3side-open-3bhk-for-sale-ward1-mehraulijut-3-minutes-from-bus-stand-iid-1682475934,,,,,,,,,,
https://www.olx.in/item/new-2-bhk-flat-for-sale-in-manjari-hadapasar-iid-1683271970,,,,,,,,,,
https://www.olx.in/item/2bhk-flat-for-sale-iid-1663613830,,,,,,,,,,
https://www.olx.in/item/new-style-house-pothencode-iid-1660128361,,,,,,,,,,
https://www.olx.in/item/5-cent-2500-sqft-4-bhk-new-house-in-kakkanad-pukkattupady-aluva-iid-1657140786,,,,,,,,,,
https://www.olx.in/item/new-house-sale-at-1920sqft-45cent-santhipuram-iid-1656402021,,,,,,,,,,
https://www.olx.in/item/1350sqft-house-sale-iid-1650127350,,,,,,,,,,
https://www.olx.in/item/2118sqft-house-santhipuram-iid-1650059719,,,,,,,,,,
https://www.olx.in/item/aluva-karumalloor-3-cent-2-bed-new-house-26-lakhs-nego-iid-1647578939,,,,,,,,,,
https://www.olx.in/item/new-1350sqft-house-chanthavila-iid-1644512796,,,,,,,,,,
https://www.olx.in/item/new-semi-furnished-house-narikkal-chanthavila-iid-1644195566,,,,,,,,,,
https://www.olx.in/item/ready-to-move-new-house-sale-iid-1644151659,,,,,,,,,,
https://www.olx.in/item/475cent-house-sale-iid-1643502270,,,,,,,,,,
https://www.olx.in/item/house-for-sale-iid-1643495253,,,,,,,,,,
https://www.olx.in/item/resale-flat-for-sale-ranchi-all-location-iid-1685164439,,,,,,,,,,
https://www.olx.in/item/vaduthala-857sqft-apartment-for-sale-iid-1684046592,,,,,,,,,,
https://www.olx.in/item/grand-2bhk-flat-unqiue-royal-keshav-nagar-at-5250lacs-only-1060sq-iid-1683539852,,,,,,,,,,
https://www.olx.in/item/3bhk-ready-to-move-flats-for-sale-near-dr-lal-hospital-gurgaon-iid-1683539631,,,,,,,,,,
https://www.olx.in/item/victoriya-bungalows-iid-1676809844,,,,,,,,,,
https://www.olx.in/item/bulding-construction-company-house-any-work-metriyal-and-lobur-iid-1681968025,,,,,,,,,,
https://www.olx.in/item/3-bhk-villa-iid-1543723466,,,,,,,,,,
https://www.olx.in/item/flats-with-fine-texture-3bhk-ready-to-move-flats-for-sale-in-gurgaon-iid-1683539122,,,,,,,,,,
https://www.olx.in/item/massive-3bhk-flat-at-rohan-yuva-hadapsar-at-6890lacs-only-1585sqf-iid-1683538966,,,,,,,,,,
https://www.olx.in/item/1200sqft3bhk28lakhs19cent-iid-1685511000,,,,,,,,,,
https://www.olx.in/item/flat-sell-near-dombivli-station-east-iid-1683414737,,,,,,,,,,
https://www.olx.in/item/for-sale-near-thirumala-thachottkavu-iid-1684547811,,,,,,,,,,
https://www.olx.in/item/house-sale-near-thirumala-thachottkavu-iid-1684547492,,,,,,,,,,
https://www.olx.in/item/20-cent-house-for-sale-pala-ramapuram-road-iid-1683044277,,,,,,,,,,
https://www.olx.in/item/stunning-4bhk-house-sale-vattiyoorkav-iid-1678602314,,,,,,,,,,
https://www.olx.in/item/stunning-4bhk-house-sale-vattiyoorkav-iid-1678602068,,,,,,,,,,
https://www.olx.in/item/stunning-3bhk-house-sale-vattiyoorkavu-iid-1678601857,,,,,,,,,,
https://www.olx.in/item/stunning-4bhk-house-sale-vattiyoorkavu-iid-1678600977,,,,,,,,,,
https://www.olx.in/item/stunning-4bhk-house-sale-vattiyoorkav-iid-1678600711,,,,,,,,,,
https://www.olx.in/item/stunning-4bhk-house-sale-thirumala-thachottkavu-iid-1678540421,,,,,,,,,,
https://www.olx.in/item/3bhk-flat-just-35-lac-only-in-ashok-vihar-phase-2-gurgaon-iid-1675018175,,,,,,,,,,
https://www.olx.in/item/2bhk-flat-for-sale-at-mahadev-complex-iid-1640456383,,,,,,,,,,
https://www.olx.in/item/3bhk-semi-furnished-ready-to-move-flats-near-mgoel-hospital-gurgaon-iid-1682674468,,,,,,,,,,
https://www.olx.in/item/beautifully-landscaped-gated-colony-with-247-security-iid-1531564832,,,,,,,,,,
https://www.olx.in/item/2b-1t-flat-for-sale-shahid-nagar-near-jadavpur-thana-iid-1683806339,,,,,,,,,,
https://www.olx.in/item/old-mud-house-20-marlas-gtb-nagar-in-3-cr-for-sale-iid-1657560090,"Model Town, Jalandhar, Punjab",['Houses & Villas'],['5500'],['3'],['3'],['Unfurnished'],['Ready to Move'],,,"₹ 3,00,00,000"
https://www.olx.in/item/23-marlas-kothi-in-just-260-cr-near-model-town-jalandhar-iid-1632303601,"Model Town, Jalandhar, Punjab",['Houses & Villas'],['6000'],['4+'],['4+'],['Semi-Furnished'],['Ready to Move'],['2'],,"₹ 2,60,00,000"
https://www.olx.in/item/2bhk-165-45--iid-1685046470,"Eenadu, Vijayawada, Andhra Pradesh",['Houses & Villas'],['1400'],['2'],['2'],['Unfurnished'],['New Launch'],['1'],['North'],"₹ 45,00,000"
https://www.olx.in/item/46-cent-1000-sqft-2-bhk-aluva-perumbavoor-road-south-vazhakulam-iid-1684296869,"Kakkanad, Kochi, Kerala",['Houses & Villas'],['1000'],['2'],['2'],['Furnished'],['Ready to Move'],,,"₹ 28,00,000"
https://www.olx.in/item/mm-residency-on-road-sec-45-iid-1682538929,"Sector 4 Gurgaon, Gurgaon, Haryana",['Builder Floors'],['1300'],['3'],['3'],['Semi-Furnished'],['Ready to Move'],['1'],['North-East'],"₹ 71,00,000"
https://www.olx.in/item/10-cent-4-bhk-beautiful-house-in-aluva-kalady-road-sreemoolanakaram-iid-1650400756,"Nedumbassery, Kochi, Kerala",['Houses & Villas'],['2600'],['4'],['4'],['Semi-Furnished'],['Ready to Move'],,['East'],"₹ 1,00,00,000"
https://www.olx.in/item/kakkanad-info-park-3-km-thengod-3bhk-civil-station-4-km-vikasawani-iid-1571964095,"Kakkanad, Kochi, Kerala",['Houses & Villas'],['1475'],['3'],['3'],['Furnished'],['Ready to Move'],,,"₹ 55,00,000"
https://www.olx.in/item/2bhk-165-45--iid-1685045853,"Canara Bank Colony, Vijayawada, Andhra Pradesh",['Houses & Villas'],['1400'],['2'],['2'],['Unfurnished'],['Under Construction'],['1'],['North-East'],"₹ 45,00,000"
https://www.olx.in/item/2bhk-135-35--iid-1685045348,"American Hospital, Vijayawada, Andhra Pradesh",['Houses & Villas'],['1000'],['2'],['2'],['Furnished'],['Under Construction'],['1'],['East'],"₹ 35,00,000"
https://www.olx.in/item/55sq-yard-2bhk-semi-furnished-floor-with-bike-parking-nearby-metro-iid-1679482791,"Uttam Nagar, Delhi, Delhi",['Builder Floors'],['550'],['2'],['2'],['Semi-Furnished'],['Ready to Move'],['1'],['North-East'],"₹ 20,00,000"
https://www.olx.in/item/40sq-yard-1bhk-new-building-semi-furnished-floor-with-bike-parking-iid-1679480949,"Uttam Nagar, Delhi, Delhi",['Builder Floors'],['400'],['1'],['1'],['Semi-Furnished'],['Ready to Move'],['1'],['North-East'],"₹ 12,75,000"
https://www.olx.in/item/70sq-yard-semi-furnished-floor-with-lift-and-car-parking-iid-1679480020,"Uttam Nagar, Delhi, Delhi",['Builder Floors'],['700'],['3'],['2'],['Semi-Furnished'],['Ready to Move'],['1'],['North'],"₹ 32,00,000"
https://www.olx.in/item/opposite-chitrakoot-near-vaishali-nagar-3-bhk-apartment-flat-iid-1669390216,"Vaishali Nagar, Jaipur, Rajasthan",['Builder Floors'],['1322'],['3'],['2'],['Semi-Furnished'],['Ready to Move'],['1'],['North'],"₹ 31,99,999"
https://www.olx.in/item/4-bhk-duplex-house-villa-at-chitrakoot-extension-vidhansabha-nagar-iid-1668629941,"Vaishali Nagar, Jaipur, Rajasthan",['Houses & Villas'],['1848'],['4'],['3'],['Semi-Furnished'],['Ready to Move'],,['East'],"₹ 60,00,000"
https://www.olx.in/item/house-villa-for-sale-at-karni-kunj-dhabas-road-near-vaishali-nagar-iid-1667861969,"Vaishali Nagar, Jaipur, Rajasthan",['Houses & Villas'],['1700'],['3'],['3'],['Semi-Furnished'],['Ready to Move'],,['West'],"₹ 55,00,000"
https://www.olx.in/item/house-in-10-cent-plot-haripad-town-iid-1685185571,"Nangiarkulangara, Chingoli, Kerala",['Houses & Villas'],['1138'],['2'],['1'],['Semi-Furnished'],['Ready to Move'],,['North'],"₹ 60,00,000"
https://www.olx.in/item/rental-income-property-near-manyata-tech-park-currently-35lacs-plus-iid-1682898005,"Salappa Layout VS Garden, Bengaluru, Karnataka",['Houses & Villas'],['18528'],['4+'],['4+'],['Semi-Furnished'],['Ready to Move'],,['East'],"₹ 6,35,00,000"
https://www.olx.in/item/2bhk-flats-in-gated-society-at-moahli-iid-1673940306,"Sector 127, Mohali, Punjab",['Builder Floors'],['900'],['2'],['2'],['Furnished'],['Ready to Move'],['2'],['East'],"₹ 24,90,000"
https://www.olx.in/item/2room-luxurious-ground-floor-nearby-metro-station-uttam-nagar-west-iid-1664495772,"Uttam Nagar, Delhi, Delhi",['Builder Floors'],['400'],['1'],['1'],['Semi-Furnished'],['Ready to Move'],['1'],['East'],"₹ 9,90,000"
https://www.olx.in/item/with-roof-3room-luxurious-builder-floor-nearby-metro-station-uttamnag-iid-1663840092,"Uttam Nagar, Delhi, Delhi",['Builder Floors'],['500'],['2'],['1'],['Semi-Furnished'],['Ready to Move'],['1'],['East'],"₹ 14,90,000"
https://www.olx.in/item/beautiful-excellent-house-near-pothencode-iid-1684547197,"Kazhakoottam, Thiruvananthapuram, Kerala",['Houses & Villas'],['1400'],['3'],['3'],['Semi-Furnished'],['New Launch'],,['North'],"₹ 55,00,000"
https://www.olx.in/item/big-size-2-bhk-ab-asan-kiston-pe-book-now-iid-1683539896,"Uttam Nagar, Delhi, Delhi",['Builder Floors'],['603'],['2'],['2'],['Semi-Furnished'],['Ready to Move'],['2'],['North'],"₹ 29,25,000"
https://www.olx.in/item/new-look-fully-decorated-2-bhk-flat-in-uttam-nagar-iid-1683539357,"Uttam Nagar, Delhi, Delhi",['Builder Floors'],['521'],['2'],['2'],,['Ready to Move'],['3'],['South'],"₹ 24,21,000"
https://www.olx.in/item/excellent-beautiful-house-near-sabari-international-school-iid-1682539278,"Kazhakoottam, Thiruvananthapuram, Kerala",['Houses & Villas'],['1450'],['3'],['3'],['Semi-Furnished'],['New Launch'],,['East'],"₹ 50,00,000"
https://www.olx.in/item/invest-2-bhk-flats-for-sale-in-somatalva-vadodara--iid-1682538948,"Kapurai, Vadodara, Gujarat",['Apartments'],['1066'],['2'],['2'],['Unfurnished'],['Under Construction'],,,"₹ 18,49,998"
https://www.olx.in/item/2bhk-luxurious-flatfor-saledabhoi-roadnaman-height-iid-1682538657,"Kapurai, Vadodara, Gujarat",['Apartments'],['1066'],['2'],['2'],['Unfurnished'],['Under Construction'],,,"₹ 18,49,999"
https://www.olx.in/item/5-cent-4-bhk-kakkanad-infopark-5-km-pallikara-20-twenty-panchayat-area-iid-1657264474,"Kakkanad, Kochi, Kerala",['Houses & Villas'],['1999'],['4'],['4'],['Furnished'],['Ready to Move'],,,"₹ 85,00,000"
https://www.olx.in/item/3bhk-east-facing-flat-for-sale-iid-1686003406,"Chanda Nagar, Hyderabad, Telangana",['Apartments'],['1560'],['3'],['2'],['Unfurnished'],['Ready to Move'],['3'],['East'],"₹ 85,00,000"
https://www.olx.in/item/6--iid-1686003403,"Tirurangadi Town, Tirurangadi, Kerala",['Houses & Villas'],['1000'],['3'],['1'],['Unfurnished'],['Ready to Move'],,['East'],"₹ 35,00,000"
https://www.olx.in/item/345-bhk-luxurious-farmhouse-available-near-sector-18-noida-iid-1685163205,"Sector 18, Noida, Uttar Pradesh",['Farm Houses'],['2000'],['4+'],['4+'],['Semi-Furnished'],['Ready to Move'],,['North-East'],"₹ 1,50,00,000"
https://www.olx.in/item/build-your-dreams-with-ashtvinayak-constructions-house-for-sale-iid-1658519794,"Rohta, Agra, Uttar Pradesh",['Houses & Villas'],['594'],['2'],['1'],['Semi-Furnished'],['Under Construction'],,['North'],"₹ 21,00,000"
https://www.olx.in/item/the-house-has-2-floor-with-four-bedroom-and-five-bathroom-iid-1686003376,"Nehru Nagar, Thrissur, Kerala",['Houses & Villas'],['2000'],['4'],['4+'],['Furnished'],['New Launch'],['2'],['East'],"₹ 9,90,00,000"
https://www.olx.in/item/new-modern-house-near-cherukulam-iid-1686003346,"Cherukulam, Kozhikode, Kerala",['Houses & Villas'],['2000'],['3'],['3'],['Semi-Furnished'],['Ready to Move'],,,"₹ 58,00,000"
https://www.olx.in/item/center-point-to-amaravathi-road-and-inner-ring-road-to-main-road-only-iid-1683734754,"Annapurna Nagar, Guntur, Andhra Pradesh",['Apartments'],['1200'],['2'],['2'],['Furnished'],['Ready to Move'],['1'],['North-West'],"₹ 36,00,000"
https://www.olx.in/item/1-bhk-flat-for-sale-in-dombivli-east-by-smartcode-hi-fi-living-iid-1678315460,"Dombivli East, Thane, Maharashtra",['Apartments'],['615'],['1'],['1'],['Unfurnished'],['Under Construction'],['03'],['East'],"₹ 49,99,000"
https://www.olx.in/item/koonammavu-varapuzha-3-bhk-new-house-near-kalamassery-edapally-aluva-iid-1662348093,"Varapuzha, Kochi, Kerala",['Houses & Villas'],['1403'],['3'],['3'],['Furnished'],['Ready to Move'],,,"₹ 51,00,000"
https://www.olx.in/item/5-cent-4-bhk-edapally-varapuzha-koonammavu-road-paravoor-aluva-iid-1653811109,"Edapally, Kochi, Kerala",['Houses & Villas'],['2007'],['4'],['4'],,['Ready to Move'],,,"₹ 75,00,000"
https://www.olx.in/item/house-sell-iid-1686003293,"Shivajee Nagar, Jabalpur, Madhya Pradesh",['Houses & Villas'],['400'],['2'],['1'],['Furnished'],['Ready to Move'],['1'],['North'],"₹ 11,00,000"
https://www.olx.in/item/kakkanad-kuzhivelippady-4-cent-1900-sqft-3-bhk-new-house-infopark-5-km-iid-1661561539,"Kakkanad, Kochi, Kerala",['Houses & Villas'],['1900'],['3'],['3'],['Furnished'],['Ready to Move'],,,"₹ 75,00,000"
https://www.olx.in/item/5-cent-4-bhk-new-house-aluva-perumbavoor-road-near-rajagiri-hospital-iid-1661562230,"Assissi Nagar, Aluva, Kerala",['Houses & Villas'],['2305'],['4'],['4'],['Furnished'],['Ready to Move'],,,"₹ 78,00,000"
https://www.olx.in/item/3bhk-1500sq-my-villas-peyad-tvm-iid-1676802375,"Thirumala, Thiruvananthapuram, Kerala",['Houses & Villas'],['1500'],['3'],['3'],['Semi-Furnished'],['Ready to Move'],,,"₹ 41,00,000"
https://www.olx.in/item/flat-for-sale-iid-1677254606,"Thirumullaivoyal, Chennai, Tamil Nadu",['Apartments'],['900'],['2'],['2'],['Unfurnished'],['Ready to Move'],['1'],['East'],"₹ 29,50,000"
https://www.olx.in/item/peyadthirumalapuliyarakonam-iid-1680996061,"Thirumala, Thiruvananthapuram, Kerala",['Houses & Villas'],['1000'],['3'],['3'],['Semi-Furnished'],['Ready to Move'],,,"₹ 37,00,000"
https://www.olx.in/item/4-bhk-new-house-edapally-varapuzha-near-cheranalloor-koonammavu-iid-1663114202,"Varapuzha, Kochi, Kerala",['Houses & Villas'],['1735'],['4'],['4'],['Furnished'],['Ready to Move'],,,"₹ 60,00,000"
https://www.olx.in/item/1050-sq-ft-2bhk-appartment-for-sale-at-punkunnam-thrissur-iid-1662838483,"Punkunnam, Thrissur, Kerala",['Apartments'],['1050'],['2'],['2'],['Unfurnished'],['Ready to Move'],['8'],['East'],"₹ 37,00,000"
https://www.olx.in/item/stand-alone-apartment-iid-1683048075,"Baguiati, Kolkata, West Bengal",['Builder Floors'],['835'],['2'],['2'],['Unfurnished'],['Ready to Move'],['4'],['East'],"₹ 22,00,000"
https://www.olx.in/item/ji-ha-1bhk-lowest-price-flat-at-near-metro-uttam-nagar-west-iid-1685891049,"Uttam Nagar, Delhi, Delhi",['Builder Floors'],['370'],['1'],['1'],['Semi-Furnished'],['Ready to Move'],['2'],['East'],"₹ 14,50,000"
https://www.olx.in/item/best-deal-omaxe-rr-1-4bhk-with-servant-room-4276-sq-feet-iid-1633336377,"Omaxe Township, Ludhiana, Punjab",['Apartments'],['4276'],['4'],['4'],['Semi-Furnished'],['Ready to Move'],['5'],['North'],"₹ 2,70,00,000"
https://www.olx.in/item/10-cent-3000-sqft-posh-house-ernakulam-aluva-road-edapally-kalamassery-iid-1657260948,"Edapally, Kochi, Kerala",['Houses & Villas'],['3000'],['4'],['4'],['Furnished'],['Ready to Move'],,,"₹ 3,50,00,000"
https://www.olx.in/item/5cent-2500sq-thirumalathachottukavu-iid-1655778683,"Thirumala, Thiruvananthapuram, Kerala",['Houses & Villas'],['2600'],['4'],['4+'],['Semi-Furnished'],['Ready to Move'],,,"₹ 82,00,000"
https://www.olx.in/item/house-for-sale-in-venkateswara-colony-iid-1686003076,"Venkateshwara Colony, Mahbubnagar, Telangana",['Houses & Villas'],['2700'],['4'],['3'],['Unfurnished'],['Ready to Move'],['1'],['East'],"₹ 40,000"
https://www.olx.in/item/edapally-varapuzha-koonammavu-3-bhk-new-house-near-kalamassery-aluva-iid-1662347871,"Varapuzha, Kochi, Kerala",['Houses & Villas'],['1399'],['3'],['3'],['Furnished'],['Ready to Move'],,,"₹ 55,00,000"
https://www.olx.in/item/425-cent-1850-sqft-3-bhk-new-house-edapally-kunnumpuram-manjummal-iid-1663244232,"Edapally, Kochi, Kerala",['Houses & Villas'],['1850'],['3'],['3'],['Furnished'],['Ready to Move'],,,"₹ 73,00,000"
https://www.olx.in/item/3-bhk-new-house-kakkanad-pukkattupady-near-aluva-edapally-kalamassery-iid-1663224078,"Pukkattupady, Choornikkara, Kerala",['Houses & Villas'],['1441'],['3'],['3'],['Furnished'],['Ready to Move'],,,"₹ 44,99,999"
https://www.olx.in/item/1bhk-18-267--iid-1670772004,"Santoshi Nagar, Raipur, Chhattisgarh",['Houses & Villas'],['500'],['2'],['2'],['Unfurnished'],['Ready to Move'],['1'],['North'],"₹ 18,00,000"
https://www.olx.in/item/edapally-varapuzha-koonammavu-2bhk-new-house-near-kalamassery-paravoor-iid-1662347740,"Varapuzha, Kochi, Kerala",['Houses & Villas'],['900'],['2'],['2'],['Furnished'],['Ready to Move'],,,"₹ 40,00,000"
https://www.olx.in/item/2bhk-flat-kirni-patak-kalwar-road-iid-1672220131,"Kalwar Road, Jaipur, Rajasthan",['Apartments'],['900'],['2'],['2'],['Semi-Furnished'],['Ready to Move'],['1'],['East'],"₹ 20,96,666"
https://www.olx.in/item/9cent-with-home-iid-1686002911,"Kuttiadi, Kozhikode, Kerala",['Houses & Villas'],['1500'],['3'],['2'],['Furnished'],,,,"₹ 4,00,000"
https://www.olx.in/item/390-lakhs-dtcp-residential-plots-available-iid-1686002908,,,,,,,,,,
https://www.olx.in/item/4500centpeyad-jn-90homeloan-iid-1554168625,"Thirumala, Thiruvananthapuram, Kerala",['Apartments'],['1900'],['3'],['4'],['Furnished'],['Ready to Move'],,,"₹ 55,00,000"
https://www.olx.in/item/48-cent-1850-sqft-3-bhk-2-bedroom-ground-floor-kakkanad-pallikara-iid-1664940924,"Kakkanad, Kochi, Kerala",['Houses & Villas'],['1800'],['3'],['3'],['Furnished'],['Ready to Move'],,,"₹ 65,00,000"
https://www.olx.in/item/45-cent-4-bhk-new-house-aluva-choondi-chunagamvely-rajagiri-hospital-iid-1664924295,"Assissi Nagar, Aluva, Kerala",['Houses & Villas'],['1850'],['4'],['4'],['Furnished'],['Ready to Move'],,,"₹ 61,00,000"
https://www.olx.in/item/ready-to-occupy-2bhk-flat-sale-in-kr-puram-banaglore-iid-1686002819,"TC Palya, Bengaluru, Karnataka",['Apartments'],['1123'],['2'],['2'],['Semi-Furnished'],['Ready to Move'],['1'],['West'],"₹ 63,22,110"
https://www.olx.in/item/budget-independent-villas-near-to-technocity-iid-1643514217,"Mangalapuram, Thiruvananthapuram, Kerala",['Houses & Villas'],['1080'],['2'],['2'],['Unfurnished'],['New Launch'],,['East'],"₹ 34,50,000"
https://www.olx.in/item/114-gaj-makan-sardhana-road-kankar-khera-meerut-iid-1666551369,"Kankarkhera, Meerut, Uttar Pradesh",['Houses & Villas'],['1700'],['4'],['2'],['Semi-Furnished'],['Under Construction'],,['East'],"₹ 41,00,000"
https://www.olx.in/item/2-bhk-flat-sale-at-3955-lakhs-sarjapura-road-iid-1682752281,"Gattahalli, Bengaluru, Karnataka",['Apartments'],['940'],['2'],['2'],['Unfurnished'],['Ready to Move'],['3'],['North'],"₹ 39,55,000"
https://www.olx.in/item/24-cent-2950-sqft-5-bhk-main-road-frontage-angamaly-elavoor-puliyanam-iid-1666041410,"Puliyanam road, Angamaly, Kerala",['Houses & Villas'],['2950'],['4+'],['4+'],['Furnished'],['Ready to Move'],,['East'],"₹ 2,00,00,000"
https://www.olx.in/item/39--iid-1686002798,,,,,,,,,,
https://www.olx.in/item/new-sreekaryam-chellamangalam-iid-1686002781,"Sreekaryam, Thiruvananthapuram, Kerala",['Houses & Villas'],['1800'],['3'],['3'],['Furnished'],['Ready to Move'],['0'],['East'],"₹ 78,00,000"
https://www.olx.in/item/11-cent--iid-1686002761,"Nadakkapadam-Changancherry, Kottayam, Kerala",['Houses & Villas'],['1250'],['3'],['2'],['Semi-Furnished'],['Ready to Move'],,['North'],"₹ 55,00,000"
https://www.olx.in/item/ready-to-move-house-for-sale-coimbatore-iid-1675271290,"Madukkarai, Coimbatore, Tamil Nadu",['Houses & Villas'],['1150'],['2'],['3'],['Furnished'],['Ready to Move'],['1'],['East'],"₹ 33,00,000"
https://www.olx.in/item/2bhk-2--iid-1675098090,"Santoshi Nagar, Raipur, Chhattisgarh",['Builder Floors'],['800'],['2'],['2'],['Unfurnished'],['Ready to Move'],['1'],['West'],"₹ 23,50,000"
https://www.olx.in/item/175-cent-2400-sqft-4-bhk-house-nedumbassery-athani-poikattussery-iid-1678101170,"Nedumbassery, Kochi, Kerala",['Houses & Villas'],['2400'],['4'],['4+'],['Furnished'],['Ready to Move'],,,"₹ 1,20,00,000"
https://www.olx.in/item/4bhk1800sq-peyad-tvmmy-villas-iid-1679616061,"Thirumala, Thiruvananthapuram, Kerala",['Houses & Villas'],['1800'],['4'],['4'],['Semi-Furnished'],['Ready to Move'],,,"₹ 53,00,000"
https://www.olx.in/item/2bhk-house-sale-coimbatore-iid-1675550565,"Coimbatore Old City, Coimbatore, Tamil Nadu",['Houses & Villas'],['1000'],['2'],['3'],['Semi-Furnished'],['New Launch'],['1'],['North'],"₹ 25,00,000"
https://www.olx.in/item/2bhk-kharar-landran-road-mohali-iid-1686002693,"Sector 127, Mohali, Punjab",['Builder Floors'],['990'],['2'],['2'],['Semi-Furnished'],['Ready to Move'],['2'],['North-East'],"₹ 27,50,000"
https://www.olx.in/item/25-bhk-sale-in-veeradesai-road-andheri-w-iid-1655935479,"Andheri West, Mumbai, Maharashtra",['Apartments'],['1210'],['3'],['2'],['Semi-Furnished'],['Ready to Move'],,,"₹ 2,40,00,000"
https://www.olx.in/item/individual-house-for-sale-coimbatore-iid-1674920426,"Gandhipuram, Coimbatore, Tamil Nadu",['Houses & Villas'],['1150'],['2'],['3'],['Furnished'],['Ready to Move'],['1'],['North'],"₹ 32,00,000"
https://www.olx.in/item/for-sale-house-iid-1686002634,"Sita Ram Gate, Jhajjar, Haryana",['Houses & Villas'],['2000'],['4+'],['4+'],['Furnished'],['Ready to Move'],['1'],['East'],"₹ 80,00,000"
https://www.olx.in/item/5500cent-4bhk-peyad-carmel-schooltvm-iid-1683048138,"Thirumala, Thiruvananthapuram, Kerala",['Houses & Villas'],['2100'],['4'],['4'],['Semi-Furnished'],['Ready to Move'],,,"₹ 80,00,000"
https://www.olx.in/item/2bhk--iid-1675576601,"Santoshi Nagar, Raipur, Chhattisgarh",['Builder Floors'],['900'],['2'],['2'],['Unfurnished'],['Under Construction'],['1'],['South-East'],"₹ 32,00,000"
https://www.olx.in/item/3bhk-rajwada-palace-borsi-road--iid-1642462014,"Borsi Colony, Durg, Chhattisgarh",['Houses & Villas'],['1800'],['3'],['3'],['Furnished'],['Ready to Move'],,['North'],"₹ 38,00,000"
https://www.olx.in/item/house-for-sale-at-varkala-8-cent800-sqft-house-in-varkalatrivandrum-iid-1682451304,"Ayroor, Varkala, Kerala",['Houses & Villas'],['800'],['2'],['2'],['Furnished'],['Ready to Move'],['1'],['East'],"₹ 28,00,000"
https://www.olx.in/item/ready-to-move-apartment-at-prime-location-of-bora-service-iid-1682765393,"Bhangagarh, Guwahati, Assam",['Apartments'],['1215'],['3'],['2'],['Semi-Furnished'],['Ready to Move'],['1'],['North-West'],"₹ 72,90,000"
https://www.olx.in/item/luxury-villas-for-sale-coimbatore-iid-1675551436,"Coimbatore Central Railway Station, Coimbatore, Tamil Nadu",['Houses & Villas'],['1150'],['2'],['2'],['Semi-Furnished'],['New Launch'],['1'],['North-East'],"₹ 35,00,000"
https://www.olx.in/item/3bhkvery-good-housepeyad-tvm-iid-1681305198,"Thirumala, Thiruvananthapuram, Kerala",['Houses & Villas'],['1300'],['3'],['3'],['Semi-Furnished'],['Ready to Move'],,,"₹ 41,00,000"
https://www.olx.in/item/ready-to-move-house-for-sale-at-koodapuzha-chalakudy-iid-1686002545,"Elanjipra, Chalakudy, Kerala",['Houses & Villas'],['1600'],['3'],['3'],['Unfurnished'],['Ready to Move'],,['North'],"₹ 1,02,00,000"
https://www.olx.in/item/3bhk-with-terrace-in-svroad-jogeshwari-west-iid-1662302410,"Jogeshwari West, Mumbai, Maharashtra",['Apartments'],['1281'],['3'],['2'],['Semi-Furnished'],['Ready to Move'],['1'],,"₹ 3,85,00,000"
https://www.olx.in/item/1bhk-for-rant-iid-1686002535,"Kand 373, Dharamsala, Himachal Pradesh",['Houses & Villas'],['100'],['4'],['3'],['Furnished'],['Ready to Move'],['0'],['North'],"₹ 10,000"
https://www.olx.in/item/bhk--iid-1686002524,"Santoshi Nagar, Raipur, Chhattisgarh",['Houses & Villas'],['800'],['2'],['2'],['Unfurnished'],['Ready to Move'],['1'],['West'],"₹ 25,00,000"
https://www.olx.in/item/duplex-house-sale-coimbatore-iid-1682144131,"Mettankadu, Madukkarai, Tamil Nadu",['Houses & Villas'],['1000'],['1'],['1'],['Unfurnished'],['Under Construction'],['1'],['North'],"₹ 33,00,000"
https://www.olx.in/item/2-bhk-on-highway-kharar-landran-road-mohali-iid-1686002436,"Sector 127, Mohali, Punjab",['Apartments'],['990'],['2'],['2'],['Semi-Furnished'],['Ready to Move'],['2'],['North-East'],"₹ 27,50,000"
https://www.olx.in/item/5342-dwaraka-nagar-andarkuppam-manali-new-town-iid-1686002433,"Edayanchavadi, Chennai, Tamil Nadu",['Houses & Villas'],['1170'],['2'],['3'],['Unfurnished'],['New Launch'],['3'],['South'],"₹ 35,00,000"
https://www.olx.in/item/2-bhk-sf-flat-for-sale-in-kharghar-sec10-iid-1686002420,"Kharghar, Navi Mumbai, Maharashtra",['Apartments'],['1132'],['2'],['2'],['Semi-Furnished'],['Ready to Move'],['1'],['North-East'],"₹ 95,00,000"
https://www.olx.in/item/luxurious-1bhk-flat-in-jogeshwari-west-iid-1666178706,"Jogeshwari West, Mumbai, Maharashtra",['Apartments'],['550'],['1'],['2'],['Unfurnished'],['Under Construction'],,,"₹ 75,00,000"
https://www.olx.in/item/ready-to-move-2-bhk-in-prestine-green-with-all-modern-aminites-iid-1686002359,"Sector 1 Noida extension, Greater Noida, Uttar Pradesh",['Apartments'],['910'],['2'],['2'],['Semi-Furnished'],['Ready to Move'],['3'],['North-East'],"₹ 20,97,222"
https://www.olx.in/item/opp-arya-villa-nr-ashray-platina-new-ranip-ahmedabad-iid-1686002347,"Chandlodia, Ahmedabad, Gujarat",['Apartments'],['650'],['1'],['1'],['Semi-Furnished'],['Ready to Move'],['3'],['North'],"₹ 25,00,000"
https://www.olx.in/item/1bhk-individual-luxury-house-low-price-iid-1681550963,"Veppampattu railway station, Chennai, Tamil Nadu",['Houses & Villas'],['550'],['1'],['1'],['Semi-Furnished'],['Ready to Move'],['1'],['East'],"₹ 23,00,000"
https://www.olx.in/item/new-posh-4-bhkedapallyvarapuzhakoonammavuall-common-faciliti46n-iid-1598977293,"Edapally, Kochi, Kerala",['Houses & Villas'],['1560'],['4'],['3'],['Semi-Furnished'],['Ready to Move'],,['East'],"₹ 46,00,000"
https://www.olx.in/item/construction-karwaye-with-material-bhopal-me-kanhi-bhi-iid-1683896058,"Barkheri Kalan, Bhopal, Madhya Pradesh",['Houses & Villas'],['000'],['3'],['2'],['Unfurnished'],['Under Construction'],['00'],['East'],"₹ 13,00,000"
https://www.olx.in/item/2-bhk-fully-furnished-flat-in-k-s-town-near-kengeri-metro-station-iid-1684235211,"Kengeri Satellite Town, Bengaluru, Karnataka",['Apartments'],['1100'],['2'],['2'],['Furnished'],['Ready to Move'],['3'],['North-East'],"₹ 35,00,000"
https://www.olx.in/item/ready-to-move-1-bhk-flat-iid-1686002305,"Siddartha Vihar, Ghaziabad, Uttar Pradesh",['Apartments'],['32'],['1'],['1'],['Semi-Furnished'],['Ready to Move'],['4'],,"₹ 11,50,000"
https://www.olx.in/item/3bhk-ultra-luxury-flat-2699-lac-kirni-patak-vaishali-nagar-ex-iid-1672302741,"Vaishali Nagar, Jaipur, Rajasthan",['Builder Floors'],['1050'],['3'],['2'],['Semi-Furnished'],['Ready to Move'],['1'],['East'],"₹ 26,99,456"
https://www.olx.in/item/-iid-1686002246,"Banjarawala, Dehradun, Uttaranchal",['Houses & Villas'],['800'],['2'],['1'],['Furnished'],['New Launch'],['1'],['West'],"₹ 36,99,999"
https://www.olx.in/item/1bhk-for-sale-in-univarsal-cubical-jogeshwari-west-iid-1665417063,"Jogeshwari West, Mumbai, Maharashtra",['Apartments'],['700'],['1'],['2'],['Unfurnished'],['Ready to Move'],,,"₹ 1,20,00,000"
https://www.olx.in/item/2bhk-spacious-ready-to-move-flats-iid-1686002149,"Sector 127, Mohali, Punjab",['Builder Floors'],['990'],['2'],['2'],['Semi-Furnished'],['Ready to Move'],['2'],['North-East'],"₹ 27,50,000"
https://www.olx.in/item/2bhk-house-for-sale-coimbatore-iid-1673125482,"Madukkarai, Coimbatore, Tamil Nadu",['Houses & Villas'],['1150'],['2'],['3'],['Semi-Furnished'],['Ready to Move'],['1'],['North-East'],"₹ 33,00,000"
https://www.olx.in/item/luxurious-laskaria-pearl-in-jogeshwari-west-iid-1664251227,"Jogeshwari West, Mumbai, Maharashtra",['Apartments'],['500'],['1'],['1'],['Unfurnished'],['Under Construction'],,,"₹ 75,00,000"
https://www.olx.in/item/2bhk-flat-for-sale-kirni-patak-vaishali-nagar-ex-iid-1672301746,"Vaishali Nagar, Jaipur, Rajasthan",['Builder Floors'],['900'],['2'],['2'],['Semi-Furnished'],['Ready to Move'],['1'],['East'],"₹ 20,99,963"
https://www.olx.in/item/individual-villas-sale-coimbatore-iid-1682144580,"Sundarapuram, Coimbatore, Tamil Nadu",['Houses & Villas'],['1000'],['1'],['1'],['Unfurnished'],['Under Construction'],['1'],['North'],"₹ 33,00,000"
https://www.olx.in/item/-iid-1686001987,"Banjarawala, Dehradun, Uttaranchal",['Houses & Villas'],['1000'],['2'],['3'],['Furnished'],['New Launch'],['1'],['South'],"₹ 52,00,000"
https://www.olx.in/item/1bhk-flats-for-sale-in-jogeshwari-west-iid-1663455894,"Jogeshwari West, Mumbai, Maharashtra",['Apartments'],['590'],['1'],['1'],['Unfurnished'],['Ready to Move'],,,"₹ 1,05,00,000"
https://www.olx.in/item/near-cochin-university-2nd-cross-seaport-bye-lane-iid-1686001922,"Kochi University, Kochi, Kerala",['Houses & Villas'],['1500'],['2'],['2'],['Semi-Furnished'],['Ready to Move'],['1'],['North'],"₹ 15,000"
https://www.olx.in/item/gated-society-sector-115-mohali-iid-1686001919,"Sector 127, Mohali, Punjab",['Apartments'],['990'],['2'],['2'],['Semi-Furnished'],['Ready to Move'],['2'],['North-West'],"₹ 27,50,000"
https://www.olx.in/item/4-bhk-flat-iid-1686001917,"Scheme No 2, Alwar, Rajasthan",['Apartments'],['1265'],['3'],['2'],['Furnished'],['New Launch'],['2'],['South'],"₹ 95,00,000"
https://www.olx.in/item/1bhk-availabel-under-construction-in-smgk-urbana-heights-jogeshwari-w-iid-1664249849,"Jogeshwari West, Mumbai, Maharashtra",['Apartments'],['700'],['1'],['2'],['Unfurnished'],['Under Construction'],,,"₹ 98,00,000"
https://www.olx.in/item/1rk-bachaa-floordirect-owner-mohan-garden-pratep-enclave-iid-1682702568,"Mohan Garden, Delhi, Delhi",['Apartments'],['300'],['1'],['1'],['Semi-Furnished'],['Ready to Move'],['1'],['South-West'],"₹ 6,99,999"
https://www.olx.in/item/ready-to-move-1-bhk-flat-for-sale-iid-1674467045,"Sector 115, Mohali, Punjab",['Builder Floors'],['650'],['1'],['1'],['Semi-Furnished'],['Ready to Move'],['1'],['North-East'],"₹ 17,90,000"
https://www.olx.in/item/1bhk2bhk3bhk-new-construction-builder-floor-nearby-uttam-nagar-west-iid-1653434835,"Uttam Nagar, Delhi, Delhi",['Builder Floors'],['425'],['1'],['1'],['Semi-Furnished'],['Ready to Move'],['1'],['North-East'],"₹ 12,51,551"
https://www.olx.in/item/navsari-bazar-2bhk-14-lac-faayde-mein-iid-1669153751,"Navsari Bazar Area, Surat, Gujarat",['Apartments'],['782'],['2'],['2'],['Semi-Furnished'],['Ready to Move'],['5'],['East'],"₹ 14,00,000"
https://www.olx.in/item/5-biswa-makan-hai-doble-story-front-me-dukan-hai-stucture-purana-hai-iid-1686001837,"Taruwala, Paonta Sahib, Himachal Pradesh",['Houses & Villas'],['5'],['4+'],['4+'],['Unfurnished'],['Ready to Move'],,['North-West'],"₹ 1,60,00,000"
https://www.olx.in/item/2bhk-flat-for-sale-jogeshwari-west-iid-1664248921,"Jogeshwari West, Mumbai, Maharashtra",['Apartments'],['1120'],['2'],['2'],['Semi-Furnished'],['Ready to Move'],['10'],,"₹ 1,70,00,000"
https://www.olx.in/item/life-time-gift-hai-2-bhk-in-noida-ext-sec-1-iid-1686001806,"Sector 1 Noida extension, Greater Noida, Uttar Pradesh",['Apartments'],['855'],['2'],['2'],['Semi-Furnished'],['Ready to Move'],['4'],['North-East'],"₹ 20,45,625"
https://www.olx.in/item/3bhk-flat-for-sale-kirni-patak-vaishali-nagar-iid-1672301453,"Vaishali Nagar, Jaipur, Rajasthan",['Builder Floors'],['1150'],['3'],['2'],['Semi-Furnished'],['Ready to Move'],['1'],['East'],"₹ 29,99,452"
https://www.olx.in/item/new-2-bhkbus-stop-nearedapallyvarapuzhaall-common-facilities23n-iid-1647599490,"Edapally, Kochi, Kerala",['Houses & Villas'],['700'],['2'],['3'],['Semi-Furnished'],['Ready to Move'],,['East'],"₹ 23,00,000"
https://www.olx.in/item/book-your-dream-flat-at-an-epitome-of-elegance-simplicity-in-asansol-iid-1680108784,"Mohishila, Asansol MC, West Bengal",['Apartments'],['1191'],['3'],['2'],['Semi-Furnished'],['New Launch'],['3'],['North-East'],"₹ 27,98,850"
https://www.olx.in/item/2bhk-for-sale-in-univarshal-cubicle-jogeshwari-west-iid-1663990651,"Jogeshwari West, Mumbai, Maharashtra",['Apartments'],['1150'],['2'],['2'],['Unfurnished'],['Ready to Move'],,,"₹ 1,60,00,000"
https://www.olx.in/item/-iid-1686001755,"Banjarawala, Dehradun, Uttaranchal",['Houses & Villas'],['1200'],['4'],['3'],['Furnished'],['New Launch'],['2'],['East'],"₹ 54,99,999"
https://www.olx.in/item/now-get-3-bhk-flat-in-gopalpur-iid-1680113159,"Narshamuda Village, Asansol MC, West Bengal",['Apartments'],['1172'],['3'],['2'],['Semi-Furnished'],['Under Construction'],['3'],['South-West'],"₹ 27,54,200"
https://www.olx.in/item/120gaj-house-for-sale-iid-1686001727,"Santi Nagar, Bhiwani, Haryana",['Houses & Villas'],['1070'],['3'],['3'],['Furnished'],['Ready to Move'],['1'],['South'],"₹ 48,00,000"
https://www.olx.in/item/4-bhk-new-house-thykoodam-iid-1685508239,"Thykoodam, Kochi, Kerala",['Houses & Villas'],['2500'],['4'],['4'],['Unfurnished'],['Ready to Move'],,,"₹ 1,48,00,000"
https://www.olx.in/item/4-bhk-house-kadavanthara-4000sqft-iid-1685395237,"Kadavanthra, Kochi, Kerala",['Houses & Villas'],['4000'],['4'],['4+'],['Furnished'],['Ready to Move'],,,"₹ 5,50,00,000"
https://www.olx.in/item/4-bhk-new-house-chilavnnoor-iid-1682928917,"Chilavannur, Kochi, Kerala",['Houses & Villas'],['2400'],['4'],['4'],['Semi-Furnished'],['Ready to Move'],,,"₹ 2,35,00,000"
https://www.olx.in/item/book-your-dream-flat-at-an-epitome-of-elegance-simplicity-in-asansol-iid-1680119767,"Riverside Township, Asansol MC, West Bengal",['Apartments'],['1327'],['3'],['2'],['Semi-Furnished'],['Under Construction'],['4'],['South-East'],"₹ 31,18,450"
https://www.olx.in/item/3-bhk-independent-floor-for-sale-in-indirapuram-iid-1680680255,"Indirapuram, Ghaziabad, Uttar Pradesh",['Builder Floors'],['1250'],['3'],['2'],['Semi-Furnished'],['Ready to Move'],['1'],['North-East'],"₹ 54,85,000"
https://www.olx.in/item/395-sqft-1rk-rs-19-lakhs-flat-for-sale-in-virar-east-0-down-payment-iid-1685946905,"Virar East, Mumbai, Maharashtra",['Apartments'],['395'],,['2'],['Unfurnished'],['Ready to Move'],['2'],,"₹ 19,00,000"
https://www.olx.in/item/2-bhk-apartment-for-sale-in-sector-127-iid-1683939920,"Sector 127, Mohali, Punjab",['Apartments'],['950'],['2'],['2'],['Semi-Furnished'],['Ready to Move'],['1'],['North-East'],"₹ 39,90,000"
https://www.olx.in/item/live-with-dream-home-in-chitilapilly-iid-1652766542,"North Nada, Guruvayur, Kerala",['Houses & Villas'],['1206'],['3'],['3'],['Unfurnished'],['New Launch'],,['North'],"₹ 45,99,999"
https://www.olx.in/item/3-bhk-semi-furnished-luxury-villa-iid-1685044072,"Sirsi road, Jaipur, Rajasthan",['Houses & Villas'],['1500'],['3'],['3'],['Semi-Furnished'],['Ready to Move'],['1'],['West'],"₹ 30,00,000"
https://www.olx.in/item/55-cents-2000-sqft-house-near-sfs-school-ettumanoor-town-asking-60lak-iid-1667305605,"Thavalakuzhy, Ettumanoor, Kerala",['Houses & Villas'],['2000'],['4'],['4'],['Semi-Furnished'],['Ready to Move'],['2'],['East'],"₹ 65,00,000"
https://www.olx.in/item/860sqft-land-for-sale-adambakkam-iid-1678319988,"Adambakkam, Chennai, Tamil Nadu",['Houses & Villas'],['860'],['2'],['2'],['Unfurnished'],['Ready to Move'],['0'],['West'],"₹ 86,00,000"
https://www.olx.in/item/individual-house-for-sale-omr-iid-1673640814,"OMR, Chennai, Tamil Nadu",['Houses & Villas'],['1500'],['2'],['2'],['Semi-Furnished'],['Ready to Move'],['0'],['West'],"₹ 85,00,000"
https://www.olx.in/item/individual-5bhk-duplex-house-madipakkam-mylai-kabaliswar-ngr-iid-1665148921,"Madipakkam, Chennai, Tamil Nadu",['Houses & Villas'],['1200'],['4+'],['4+'],['Semi-Furnished'],['Ready to Move'],['0'],['South'],"₹ 88,00,000"
https://www.olx.in/item/good-commercial-and-rental-income-property-adambakkam-surendar-nagar-iid-1658154922,"Adambakkam, Chennai, Tamil Nadu",['Houses & Villas'],['1750'],['4+'],['4+'],['Semi-Furnished'],['Ready to Move'],['0'],['North-West'],"₹ 2,85,00,000"
https://www.olx.in/item/1200sqft-land-with-individual-house-for-sale-iid-1655735945,"Adambakkam, Chennai, Tamil Nadu",['Houses & Villas'],['1200'],['4+'],['4+'],['Semi-Furnished'],['Ready to Move'],['0'],['East'],"₹ 95,00,000"
https://www.olx.in/item/2bhk-residential-apartments-adambakkam-ramakrishna-nagar-main-road-iid-1610789210,"Adambakkam, Chennai, Tamil Nadu",['Apartments'],['893'],['2'],['2'],['Semi-Furnished'],['Ready to Move'],['1'],['North'],"₹ 55,00,000"
https://www.olx.in/item/best-budged-luxury-home-in-bilaspur-iid-1684846946,"Vasant Vihar, Bilaspur, Chhattisgarh",['Houses & Villas'],['1000'],['2'],['2'],['Semi-Furnished'],['New Launch'],['1'],['East'],"₹ 21,99,000"
https://www.olx.in/item/2bhk-unfurnished-flat-for-sale-at-calicut-iid-1685087846,"Pokkunnu, Kozhikode, Kerala",['Apartments'],['1147'],['2'],['2'],['Unfurnished'],['Ready to Move'],,,"₹ 77,00,000"
https://www.olx.in/item/individual-villas-for-sale-near-sriperumbudur-toll-plaza--iid-1685056657,"Sipcot Industrial Park Irunkattukottia, Chennai, Tamil Nadu",['Houses & Villas'],['700'],['1'],['1'],['Semi-Furnished'],['Under Construction'],,['North-East'],"₹ 27,50,000"
https://www.olx.in/item/55-cent-5-bhk-red-brick-construction-iid-1684295474,"Kazhakoottam, Thiruvananthapuram, Kerala",['Houses & Villas'],['2400'],['4+'],['4+'],['Furnished'],['Ready to Move'],['2'],['East'],"₹ 99,00,000"
https://www.olx.in/item/aluva-carmal-hospital-3-bhk-villa-55-lakhs-iid-1683537454,"Assissi Nagar, Aluva, Kerala",['Houses & Villas'],['1550'],['3'],['3'],['Semi-Furnished'],['Ready to Move'],,['East'],"₹ 55,00,000"
https://www.olx.in/item/2bhk-premium-furnished-flat-iid-1683042175,"Matigara, Siliguri, West Bengal",['Apartments'],['1035'],['2'],['2'],['Furnished'],['Ready to Move'],['1'],['North'],"₹ 60,00,000"
https://www.olx.in/item/10cent-koratty-2km-angamaly-10km-nh-1km-iid-1679764181,"Muringoor, Koratty, Kerala",['Houses & Villas'],['1450'],['3'],['3'],['Semi-Furnished'],['Ready to Move'],,['North'],"₹ 55,00,000"
https://www.olx.in/item/1bhkvartak-nagar-iid-1676276119,"Vartak Nagar, Thane, Maharashtra",['Apartments'],['680'],['1'],['2'],['Unfurnished'],['Ready to Move'],['18'],['East'],"₹ 73,00,000"
https://www.olx.in/item/4bhkmainroadthirumalathachottukavu-iid-1675924464,"Thirumala, Thiruvananthapuram, Kerala",['Houses & Villas'],['2100'],['4'],['4'],['Semi-Furnished'],['Ready to Move'],,,"₹ 62,00,000"
https://www.olx.in/item/55cent-koratty-2km-nh-500murgent-sale-iid-1675562840,"Muringoor, Koratty, Kerala",['Houses & Villas'],['1700'],['3'],['2'],['Semi-Furnished'],['Ready to Move'],,,"₹ 49,00,000"
https://www.olx.in/item/my-villas-thirumala-pidarm-tvm-iid-1671831949,"Thirumala, Thiruvananthapuram, Kerala",['Houses & Villas'],['1900'],['3'],['3'],['Semi-Furnished'],['Ready to Move'],,,"₹ 55,00,000"
https://www.olx.in/item/3-bhk-flat-for-sale-iid-1669535217,"SEVOKE ROAD, Siliguri, West Bengal",['Apartments'],['1686'],['3'],['3'],['Semi-Furnished'],['Ready to Move'],['1'],['East'],"₹ 84,00,000"
https://www.olx.in/item/3-bhk-flat-for-sale-iid-1669225857,"Jyoti Nagar, Siliguri, West Bengal",['Apartments'],['1384'],['3'],['2'],['Unfurnished'],['Ready to Move'],['3'],,"₹ 54,00,000"
https://www.olx.in/item/semifurnished-3-bhk-flat-sale-in-manipal-flat-in-very-good-condition-iid-1682537192,"Manipal, Udupi, Karnataka",['Apartments'],['1785'],['3'],['3'],['Semi-Furnished'],['Ready to Move'],['1'],['North'],"₹ 62,00,000"
https://www.olx.in/item/2bhk-flat-available-in-daladali-chowk-iid-1681262366,"Booty, Ranchi, Jharkhand",['Builder Floors'],['1350'],['2'],['2'],['Semi-Furnished'],['Under Construction'],['4'],['East'],"₹ 46,00,000"
